-- phpMyAdmin SQL Dump
-- version 5.2.1
-- https://www.phpmyadmin.net/
--
-- Servidor: 127.0.0.1
-- Tiempo de generación: 15-11-2024 a las 01:14:10
-- Versión del servidor: 10.4.32-MariaDB
-- Versión de PHP: 8.2.12

SET SQL_MODE = "NO_AUTO_VALUE_ON_ZERO";
START TRANSACTION;
SET time_zone = "+00:00";


/*!40101 SET @OLD_CHARACTER_SET_CLIENT=@@CHARACTER_SET_CLIENT */;
/*!40101 SET @OLD_CHARACTER_SET_RESULTS=@@CHARACTER_SET_RESULTS */;
/*!40101 SET @OLD_COLLATION_CONNECTION=@@COLLATION_CONNECTION */;
/*!40101 SET NAMES utf8mb4 */;

--
-- Base de datos: `gapced`
--

-- --------------------------------------------------------

--
-- Estructura de tabla para la tabla `cargos`
--

CREATE TABLE `cargos` (
  `cargo_id` int(11) NOT NULL,
  `carrera_id` int(11) NOT NULL,
  `turno_id` int(11) NOT NULL,
  `cargo_nombre` varchar(30) DEFAULT NULL
) ENGINE=InnoDB DEFAULT CHARSET=utf8mb4 COLLATE=utf8mb4_general_ci;

--
-- Volcado de datos para la tabla `cargos`
--

INSERT INTO `cargos` (`cargo_id`, `carrera_id`, `turno_id`, `cargo_nombre`) VALUES
(2, 1, 3, 'Sistemas'),
(3, 3, 1, 'Ingles'),
(4, 2, 1, 'Matemática'),
(5, 11, 1, 'Naturales'),
(6, 4, 1, 'Inicial'),
(7, 5, 1, 'Primaria');

-- --------------------------------------------------------

--
-- Estructura de tabla para la tabla `carreras`
--

CREATE TABLE `carreras` (
  `carrera_id` int(11) NOT NULL,
  `carrera_nombre` varchar(70) DEFAULT NULL
) ENGINE=InnoDB DEFAULT CHARSET=utf8mb4 COLLATE=utf8mb4_general_ci;

--
-- Volcado de datos para la tabla `carreras`
--

INSERT INTO `carreras` (`carrera_id`, `carrera_nombre`) VALUES
(6, 'CUFBA'),
(10, 'PROFESORADO DE BIOLOGÍA'),
(11, 'PROFESORADO DE CIENCIAS NATURALES'),
(4, 'PROFESORADO DE EDUCACIÓN INICIAL'),
(5, 'PROFESORADO DE EDUCACIÓN PRIMARIA'),
(8, 'PROFESORADO DE FÍSICA'),
(3, 'PROFESORADO DE INGLÉS'),
(2, 'PROFESORADO DE MATEMÁTICA'),
(7, 'PROFESORADO DE QUÍMICA'),
(1, 'TECNICATURA EN ANÁLISIS DE SISTEMAS'),
(9, 'TRAMO PEDAGOGICO');

-- --------------------------------------------------------

--
-- Estructura de tabla para la tabla `ciclo_lectivo`
--

CREATE TABLE `ciclo_lectivo` (
  `ciclo_id` int(11) NOT NULL,
  `ciclo` int(4) DEFAULT NULL
) ENGINE=InnoDB DEFAULT CHARSET=utf8mb4 COLLATE=utf8mb4_general_ci;

--
-- Volcado de datos para la tabla `ciclo_lectivo`
--

INSERT INTO `ciclo_lectivo` (`ciclo_id`, `ciclo`) VALUES
(1, 2024),
(2, 2023),
(3, 2022),
(4, 2021),
(5, 2025);

-- --------------------------------------------------------

--
-- Estructura de tabla para la tabla `cursos`
--

CREATE TABLE `cursos` (
  `curso_id` int(11) NOT NULL,
  `curso` varchar(7) DEFAULT NULL
) ENGINE=InnoDB DEFAULT CHARSET=utf8mb4 COLLATE=utf8mb4_general_ci;

--
-- Volcado de datos para la tabla `cursos`
--

INSERT INTO `cursos` (`curso_id`, `curso`) VALUES
(1, '1°A'),
(2, '1°B'),
(3, '2°A'),
(4, '3°A'),
(5, '1°C'),
(6, '3°'),
(7, '4°'),
(8, '1°D'),
(9, '3°C'),
(10, '4°A'),
(11, 'CufbaA'),
(12, 'CufbaB'),
(13, '2°B'),
(14, '2°C'),
(15, '3°B'),
(16, '4°B'),
(17, '4°C'),
(18, '1°E');

-- --------------------------------------------------------

--
-- Estructura de tabla para la tabla `materias`
--

CREATE TABLE `materias` (
  `materia_id` int(11) NOT NULL,
  `materia_nombre` varchar(100) DEFAULT NULL
) ENGINE=InnoDB DEFAULT CHARSET=utf8mb4 COLLATE=utf8mb4_general_ci;

--
-- Volcado de datos para la tabla `materias`
--

INSERT INTO `materias` (`materia_id`, `materia_nombre`) VALUES
(1, 'Inglés I'),
(2, 'Ciencia, Tecnología y Sociedad'),
(3, 'Análisis Matemático I'),
(4, 'Álgebra'),
(5, 'Algoritmos y Estructura de Datos I'),
(6, 'Sistemas y Organizaciones'),
(7, 'Arquitectura de Computadores'),
(8, 'Prácticas Profesionalizantes I A'),
(9, 'Prácticas Profesionalizantes I B'),
(10, 'Inglés II'),
(11, 'Análisis Matemático II'),
(12, 'Estadistica'),
(13, 'Ingeniería de Software I'),
(14, 'Algoritmos y Estructura de Datos II'),
(15, 'Sistemas Operativos'),
(16, 'Base de Datos'),
(17, 'Prácticas Profesionalizantes II A'),
(18, 'Prácticas Profesionalizantes II B'),
(19, 'Inglés III'),
(20, 'Aspectos Legales de la Profesión'),
(21, 'Seminario de la actualización'),
(22, 'Redes y Comunicaciones'),
(23, 'Ingeniería de Software II'),
(24, 'Algoritmos y Estructura de Datos III'),
(25, 'Prácticas Profesionalizantes III A'),
(26, 'Prácticas Profesionalizantes III B'),
(27, 'Filosofía II'),
(28, 'Contabilidad'),
(29, 'Taller de Oralidad'),
(30, 'Taller de Escritura'),
(31, 'Educación Temprana'),
(32, 'Psicología, Desarrollo y Aprendizaje I'),
(33, 'Corporeidad y Motricidad'),
(34, 'Filosofía'),
(35, 'Pedagogía'),
(36, 'Análisis Mundo Contemporáneo'),
(37, 'Práctica Docente I A'),
(40, 'Taller Lógico-Matemático'),
(41, 'Taller Lectura, Oralidad y Escritura'),
(42, 'Práctica Docente II A'),
(43, 'Psicología, Desarrollo y Aprendizaje II'),
(44, 'Didáctica y Curriculum'),
(45, 'Cultura, Comunicación y Educación'),
(46, 'Didáctica Prácticas del Lenguaje I'),
(47, 'Psicología, Social e Institucional'),
(48, 'Teoría Socio Política y Educación'),
(49, 'Didáctica Ciencias Naturales I'),
(50, 'Didáctica Matemática I'),
(51, 'Educación Plástica'),
(52, 'Didáctica Ciencias Sociales I'),
(53, 'Historia y Prospectiva de la Educación'),
(54, 'Educación Física'),
(55, 'Taller Ciencias Sociales'),
(56, 'Taller Ciencias Naturales'),
(57, 'Herramientas de la Práctica'),
(58, 'TFO: Alfabetización Inicial'),
(59, 'Política, legislación y administración del trabajo Escolar'),
(60, 'Educación Musical'),
(61, 'Producción de Materiales'),
(62, 'Taller Matemática'),
(63, 'Medios Audiovisuales'),
(64, 'Taller Literatura Infantil'),
(65, 'TFO: Educación Maternal'),
(66, 'Juego y Desarrollo Infantil'),
(67, 'TFO: TICs'),
(68, 'Ateneo Prácticas Lenguaje'),
(69, 'Ateneo Naturaleza y Sociedad'),
(70, 'Campo IV'),
(71, 'Educación en y para Salud'),
(72, 'Reflexión Filosófica'),
(73, 'Ateneo Expresiones Estéticas'),
(74, 'Ateneo Matemática'),
(75, 'Problemática Socioinstitucionales'),
(77, 'Prácticas discursivas en lengua Española'),
(78, 'Prácticas discursivas de la comunicación Oral I'),
(79, 'Práctica Docente'),
(80, 'Prácticas discursivas de la comunicación Escrita II'),
(81, 'Estudios Interculturales en Lengua Inglesa'),
(82, 'Didáctica general'),
(83, 'Introducción al Inglés con fines académicos'),
(84, 'Sujetos de la Educación'),
(85, 'Historia y Política Argentina'),
(86, 'Literatura en Lengua Inglesa y Niñez'),
(89, 'Estudios Interculturales en Lengua Inglesa II'),
(90, 'Prácticas discursivas de la comunicación Escrita III'),
(91, 'Enseñar con Tecnología'),
(92, 'Evaluación de los Aprendizajes'),
(93, 'Educación para la Diversidad'),
(94, 'Prácticas discursivas de la comunicación Oral II'),
(95, 'Literatura en Lengua Inglesa y Niñez II'),
(96, 'Fundamentos de la Enseñanza y el Aprendizaje en inglés I'),
(97, 'Estudios Interculturales en Lengua Inglesa III'),
(98, 'Francés'),
(99, 'Prácticas discursivas de la comunicación Escrita IV'),
(100, 'Prácticas discursivas de la comunicación Oral III'),
(101, 'Narrativa Pedagógica'),
(102, 'Filosofía y Educación'),
(103, 'Tutorias y Orientación escolar'),
(104, 'Práctica Docente III'),
(105, 'Est Interculturales en Lengua Inglesa IV'),
(106, 'Prácticas discursivas de la comunicación Oral IV'),
(108, 'EDI'),
(109, 'Prácticas discursivas de la comunicación Escrita I'),
(110, 'Práctica Docente I B'),
(111, 'Práctica Docente II B'),
(112, 'Práctica Docente III A'),
(113, 'Práctica Docente III B'),
(114, 'Dimensión Ético Política'),
(115, 'Estudios Interculturales en Lengua Inglesa IV'),
(116, 'Fundamentos de la Enseñanza y el Aprendizaje en inglés II'),
(117, 'Literatura y Juventud'),
(118, 'Fundamentos de la Enseñanza y el Aprendizaje en inglés III'),
(119, 'Campo de la Práctica II'),
(120, 'Campo de la Práctica I'),
(121, 'Arte y Educación'),
(122, 'Teoría Socio Política'),
(123, 'Educación Artística'),
(124, 'Cultura, Comunicación'),
(125, 'Configuraciones Culturales'),
(126, 'Didáctica Ciencias Sociales II'),
(127, 'Didáctica Ciencias Naturales II'),
(128, 'Didáctica Prácticas del Lenguaje II'),
(129, 'Didáctica Matemática II'),
(130, 'Pedagogía de las Diferencias'),
(131, 'Ateneo Ciencias Sociales'),
(132, 'Ateneo Ciencias Naturales'),
(133, 'Ateneo Práctica del Lenguaje'),
(134, 'TFO: Música'),
(135, 'Educación Física Escolar'),
(136, 'Álgebra Superior y Elem. de Topología'),
(137, 'Análisis de las Ins. Educ.'),
(138, 'Análisis e intervención en situaciones de convivencia escolar'),
(139, 'Antropología'),
(140, 'Astronomía'),
(141, 'Astronomía II'),
(142, 'Biol.yOrg.Cél. y Plantas'),
(143, 'Biología Celular y Molecular'),
(144, 'Biología de los Animales'),
(145, 'Biología del Desarrollo Animal'),
(146, 'Biología Humana'),
(147, 'Biología y su enseñanza'),
(148, 'Cálculo'),
(149, 'CFPP I- El Trabajo Docente: Complejidades y Entramados'),
(150, 'Ciencias de la Tierra'),
(151, 'Ciencias Naturales y su Enseñanza'),
(152, 'Complemento de Cálculo'),
(153, 'Cultura Digital'),
(154, 'Didáctica de la Matemática '),
(155, 'Didáctica de la Matemática II'),
(156, 'Didáctica de las Ciencias Naturales'),
(157, 'Educación y Transformaciones Sociales Contemporáneas'),
(158, 'Educ. Ambiental'),
(159, 'EDI: matemática y el trabajo por proyectos'),
(160, 'Electromagnetismo'),
(162, 'Epistemología e Historia de la Física'),
(163, 'ESI'),
(164, 'Evolución'),
(165, 'Filosófica Pedagógica Didáctica'),
(166, 'Física Biológica'),
(167, 'Física Moderna'),
(168, 'Física Teórica'),
(169, 'Física y su Enseñanza'),
(170, 'Físico-Química I'),
(171, 'Físico químico de Sist. Biológicos'),
(172, 'Fundamentos de evolución y diversidad'),
(173, 'Fundamentos de la Matemática'),
(174, 'Fuerzas y Movimientos'),
(175, 'Genética'),
(176, 'Geometría Analítica'),
(177, 'Geometría Métrica'),
(178, 'Geometrías no euclidianas, proyectiva y fractal'),
(179, 'Historia de la Matemática'),
(180, 'INGLÉS Nivel 2'),
(181, 'INGLÉS Nivel 1'),
(182, 'Informática Aplicada a la Química'),
(183, 'Introducción a la bio. Cel. y Molecular'),
(184, 'Introducción a la Física y elementos de Astronomía'),
(185, 'Introducción a los sistemas biológicos'),
(186, 'Introducción al Cálculo'),
(187, 'Los Sujetos de la Educación'),
(188, 'Matemática Aplicada'),
(189, 'Matemática Aplicada para Físicos'),
(190, 'Matemática para Físicos'),
(191, 'Matemática y Ciencias Naturales I'),
(192, 'Metodología de la Investigación en Biología'),
(193, 'Metodología de la Investigación en Química'),
(194, 'Mineralogía'),
(195, 'Ondas y Óptica Física'),
(196, 'Pensamiento Pedagógico Polítco latinoamericano'),
(197, 'Política Institucional'),
(198, 'Práctica docente II'),
(199, 'Práctica Docente I'),
(200, 'Probabilidad y Estadística'),
(201, 'Psicología del Aprendizaje'),
(202, 'Química Ambiente'),
(203, 'Química Biológica'),
(204, 'Química Carbono'),
(205, 'Química de los Alimentos'),
(206, 'Química Industrial'),
(207, 'Química Inorgánica'),
(208, 'Química y actividad experimental I'),
(209, 'Química y Laboratorio'),
(210, 'Seminario de temas de física'),
(211, 'Taller de Física'),
(212, 'Álgebra II'),
(213, 'Didáctica de la Matemática III'),
(214, 'Físico-Química II'),
(215, 'Análisis Químico'),
(216, 'Química y su Enseñanza'),
(217, 'Ecología'),
(218, 'Anatomía Comparada'),
(219, 'Didáctica Ciencias Naturales'),
(220, 'Matemática y Ciencias Naturales II'),
(221, 'Fundamentos y Modelos de Mecánica Clásica'),
(222, 'Act. exp. de Cs y Tecnología escolar'),
(223, 'Química y actividad experimental II');

-- --------------------------------------------------------

--
-- Estructura de tabla para la tabla `materia_carrera`
--

CREATE TABLE `materia_carrera` (
  `materia_carrera_id` int(11) NOT NULL,
  `materia_id` int(11) NOT NULL,
  `carrera_id` int(11) NOT NULL,
  `ciclo_id` int(11) NOT NULL,
  `curso_id` int(11) NOT NULL,
  `turno_id` int(11) NOT NULL,
  `profesor_id` int(11) NOT NULL,
  `situacion_revista` varchar(4) DEFAULT NULL,
  `inscriptos` int(3) DEFAULT NULL,
  `regulares` int(3) DEFAULT NULL,
  `atraso_academico` int(3) DEFAULT NULL,
  `recursantes` int(3) DEFAULT NULL,
  `modulos` int(2) DEFAULT NULL,
  `primer_periodo` int(2) DEFAULT NULL,
  `segundo_periodo` int(2) DEFAULT NULL
) ENGINE=InnoDB DEFAULT CHARSET=utf8mb4 COLLATE=utf8mb4_general_ci;

--
-- Volcado de datos para la tabla `materia_carrera`
--

INSERT INTO `materia_carrera` (`materia_carrera_id`, `materia_id`, `carrera_id`, `ciclo_id`, `curso_id`, `turno_id`, `profesor_id`, `situacion_revista`, `inscriptos`, `regulares`, `atraso_academico`, `recursantes`, `modulos`, `primer_periodo`, `segundo_periodo`) VALUES
(1, 1, 1, 5, 1, 3, 1, 'P', 0, 0, 0, 0, 2, 0, 0),
(2, 2, 1, 5, 1, 3, 2, 'P', 0, 0, 0, 0, 2, 0, 0),
(3, 3, 1, 5, 1, 3, 3, 'P', 0, 0, 0, 0, 2, 0, 0),
(4, 4, 1, 5, 1, 3, 4, 'S', 0, 0, 0, 0, 2, 0, 0),
(5, 5, 1, 5, 1, 3, 5, 'S', 0, 0, 0, 0, 4, 0, 0),
(6, 6, 1, 5, 1, 3, 6, 'P', 0, 0, 0, 0, 2, 0, 0),
(7, 7, 1, 5, 1, 3, 5, 'P', 0, 0, 0, 0, 2, 0, 0),
(8, 8, 1, 5, 1, 3, 7, 'S', 0, 0, 0, 0, 2, 0, 0),
(9, 9, 1, 5, 1, 3, 6, 'P', 0, 0, 0, 0, 2, 0, 0),
(10, 1, 1, 5, 2, 3, 1, 'P', 0, 0, 0, 0, 2, 0, 0),
(11, 2, 1, 5, 2, 3, 2, 'P', 0, 0, 0, 0, 2, 0, 0),
(12, 3, 1, 5, 2, 3, 8, 'P', 0, 0, 0, 0, 2, 0, 0),
(13, 4, 1, 5, 2, 3, 9, 'S', 0, 0, 0, 0, 2, 0, 0),
(14, 5, 1, 5, 2, 3, 5, 'S', 0, 0, 0, 0, 4, 0, 0),
(15, 6, 1, 5, 2, 3, 6, 'P', 0, 0, 0, 0, 2, 0, 0),
(16, 7, 1, 5, 2, 3, 5, 'P', 0, 0, 0, 0, 2, 0, 0),
(17, 8, 1, 5, 2, 3, 7, 'S', 0, 0, 0, 0, 2, 0, 0),
(18, 9, 1, 5, 2, 3, 10, 'P', 0, 0, 0, 0, 2, 0, 0),
(19, 10, 1, 5, 3, 3, 11, 'P', 0, 0, 0, 0, 2, 0, 0),
(20, 11, 1, 5, 3, 3, 12, 'P', 0, 0, 0, 0, 2, 0, 0),
(21, 12, 1, 5, 3, 3, 13, 'P', 0, 0, 0, 0, 2, 0, 0),
(22, 13, 1, 5, 3, 3, 10, 'P', 0, 0, 0, 0, 2, 0, 0),
(23, 14, 1, 5, 3, 3, 10, 'P', 0, 0, 0, 0, 4, 0, 0),
(24, 15, 1, 5, 3, 3, 14, 'P', 0, 0, 0, 0, 2, 0, 0),
(25, 16, 1, 5, 3, 3, 16, 'P', 0, 0, 0, 0, 2, 0, 0),
(26, 17, 1, 5, 3, 3, 5, 'P', 0, 0, 0, 0, 2, 0, 0),
(27, 18, 1, 5, 3, 3, 17, 'P', 0, 0, 0, 0, 2, 0, 0),
(28, 19, 1, 5, 4, 3, 1, 'P', 0, 0, 0, 0, 2, 0, 0),
(29, 20, 1, 5, 4, 3, 18, 'P', 0, 0, 0, 0, 2, 0, 0),
(30, 21, 1, 5, 4, 3, 17, 'S', 0, 0, 0, 0, 2, 0, 0),
(31, 22, 1, 5, 4, 3, 14, 'P', 0, 0, 0, 0, 2, 0, 0),
(32, 23, 1, 5, 4, 3, 19, 'P', 0, 0, 0, 0, 2, 0, 0),
(33, 24, 1, 5, 4, 3, 7, 'P', 0, 0, 0, 0, 4, 0, 0),
(34, 25, 1, 5, 4, 3, 16, 'P', 0, 0, 0, 0, 3, 0, 0),
(35, 26, 1, 5, 4, 3, 19, 'P', 0, 0, 0, 0, 3, 0, 0),
(36, 4, 1, 5, 1, 3, 4, 'PL', 0, 0, 0, 0, 4, 0, 0),
(41, 8, 1, 5, 1, 3, 22, 'TL', 0, 0, 0, 0, 2, 0, 0),
(44, 8, 1, 5, 2, 3, 22, 'TL', 0, 0, 0, 0, 2, 0, 0),
(49, 30, 6, 5, 11, 2, 24, 'P', 0, 0, 0, 0, 4, 0, 0),
(50, 30, 6, 5, 11, 2, 23, 'P', 0, 0, 0, 0, 4, 0, 0),
(51, 29, 6, 5, 11, 2, 25, 'P', 0, 0, 0, 0, 4, 0, 0),
(52, 29, 6, 5, 12, 3, 25, 'P', 0, 0, 0, 0, 4, 0, 0),
(53, 30, 6, 5, 12, 3, 26, 'P', 0, 0, 0, 0, 2, 0, 0),
(54, 30, 6, 5, 12, 3, 24, 'P', 0, 0, 0, 0, 2, 0, 0),
(55, 31, 4, 5, 1, 1, 69, 'P', 0, 0, 0, 0, 2, 0, 0),
(56, 32, 4, 5, 1, 1, 69, 'P', 0, 0, 0, 0, 2, 0, 0),
(57, 33, 4, 5, 1, 1, 70, 'P', 0, 0, 0, 0, 1, 0, 0),
(58, 34, 4, 5, 1, 1, 71, 'P', 0, 0, 0, 0, 2, 0, 0),
(59, 35, 4, 5, 1, 1, 72, 'P', 0, 0, 0, 0, 2, 0, 0),
(60, 82, 4, 5, 1, 1, 76, 'P', 0, 0, 0, 0, 2, 0, 0),
(61, 108, 4, 5, 1, 1, 77, 'P', 0, 0, 0, 0, 2, 0, 0),
(62, 40, 4, 5, 1, 1, 78, 'PL', 0, 0, 0, 0, 4, 0, 0),
(63, 40, 4, 5, 1, 1, 81, 'S', 0, 0, 0, 0, 2, 0, 0),
(64, 36, 4, 5, 1, 1, 73, 'P', 0, 0, 0, 0, 1, 0, 0),
(65, 37, 4, 5, 1, 1, 74, 'PL', 0, 0, 0, 0, 3, 0, 0),
(66, 37, 4, 5, 1, 1, 75, 'S', 0, 0, 0, 0, 3, 0, 0),
(67, 110, 4, 5, 1, 1, 106, 'P', 0, 0, 0, 0, 3, 0, 0),
(68, 41, 4, 5, 1, 1, 80, 'PL', 0, 0, 0, 0, 2, 0, 0),
(69, 42, 4, 5, 3, 1, 83, 'PL', 0, 0, 0, 0, 4, 0, 0),
(70, 42, 4, 5, 3, 1, 82, 'S', 0, 0, 0, 0, 4, 0, 0),
(71, 111, 4, 5, 3, 1, 74, 'PL', 0, 0, 0, 0, 4, 0, 0),
(72, 111, 4, 5, 3, 1, 75, 'S', 0, 0, 0, 0, 4, 0, 0),
(73, 43, 4, 5, 3, 1, 84, 'PL', 0, 0, 0, 0, 2, 0, 0),
(74, 43, 4, 5, 3, 1, 85, 'S', 0, 0, 0, 0, 2, 0, 0),
(75, 44, 4, 5, 3, 1, 86, 'P', 0, 0, 0, 0, 2, 0, 0),
(76, 45, 4, 5, 3, 1, 87, 'P', 0, 0, 0, 0, 1, 0, 0),
(77, 47, 4, 5, 3, 1, 89, 'P', 0, 0, 0, 0, 1, 0, 0),
(78, 46, 4, 5, 3, 1, 88, 'P', 0, 0, 0, 0, 2, 0, 0),
(79, 48, 4, 5, 3, 1, 90, 'P', 0, 0, 0, 0, 2, 0, 0),
(80, 49, 4, 5, 3, 1, 91, 'PL', 0, 0, 0, 0, 2, 0, 0),
(81, 49, 4, 5, 3, 1, 92, 'S', 0, 0, 0, 0, 2, 0, 0),
(82, 51, 4, 5, 3, 1, 95, 'P', 0, 0, 0, 0, 2, 0, 0),
(83, 50, 4, 5, 3, 1, 93, 'PL', 0, 0, 0, 0, 2, 0, 0),
(84, 50, 4, 5, 3, 1, 94, 'S', 0, 0, 0, 0, 2, 0, 0),
(85, 52, 4, 5, 3, 1, 98, 'PL', 0, 0, 0, 0, 2, 0, 0),
(86, 52, 4, 5, 3, 1, 96, 'S', 0, 0, 0, 0, 2, 0, 0),
(87, 53, 4, 5, 4, 1, 39, 'P', 0, 0, 0, 0, 2, 0, 0),
(88, 54, 4, 5, 4, 1, 70, 'P', 0, 0, 0, 0, 2, 0, 0),
(89, 55, 4, 5, 4, 1, 98, 'P', 0, 0, 0, 0, 1, 0, 0),
(90, 56, 4, 5, 4, 1, 92, 'P', 0, 0, 0, 0, 2, 0, 0),
(91, 57, 4, 5, 4, 1, 86, 'P', 0, 0, 0, 0, 2, 0, 0),
(92, 58, 4, 5, 4, 1, 88, 'P', 0, 0, 0, 0, 2, 0, 0),
(93, 59, 4, 5, 1, 1, 110, 'P', 0, 0, 0, 0, 2, 0, 0),
(94, 60, 4, 5, 4, 1, 111, 'P', 0, 0, 0, 0, 2, 0, 0),
(95, 61, 4, 5, 4, 1, 97, 'P', 0, 0, 0, 0, 1, 0, 0),
(96, 62, 4, 5, 4, 1, 112, 'P', 0, 0, 0, 0, 1, 0, 0),
(97, 63, 4, 5, 4, 1, 113, 'P', 0, 0, 0, 0, 1, 0, 0),
(98, 64, 4, 5, 4, 1, 88, 'P', 0, 0, 0, 0, 1, 0, 0),
(99, 65, 4, 5, 4, 1, 99, 'PL', 0, 0, 0, 0, 2, 0, 0),
(100, 65, 4, 5, 4, 1, 100, 'S', 0, 0, 0, 0, 2, 0, 0),
(101, 66, 4, 5, 4, 1, 69, 'P', 0, 0, 0, 0, 2, 0, 0),
(102, 67, 4, 5, 4, 1, 114, 'PL', 0, 0, 0, 0, 2, 0, 0),
(103, 67, 4, 5, 4, 1, 115, 'S', 0, 0, 0, 0, 2, 0, 0),
(104, 68, 4, 5, 10, 1, 101, 'PL', 0, 0, 0, 0, 2, 0, 0),
(105, 68, 4, 5, 10, 1, 137, 'S', 0, 0, 0, 0, 2, 0, 0),
(106, 69, 4, 5, 10, 1, 102, 'PL', 0, 0, 0, 0, 2, 0, 0),
(107, 69, 4, 5, 10, 1, 20, 'S', 0, 0, 0, 0, 2, 0, 0),
(108, 70, 4, 5, 10, 1, 103, 'P', 0, 0, 0, 0, 9, 0, 0),
(109, 71, 4, 5, 10, 1, 92, 'P', 0, 0, 0, 0, 2, 0, 0),
(110, 72, 4, 5, 10, 1, 49, 'P', 0, 0, 0, 0, 2, 0, 0),
(111, 73, 4, 5, 10, 1, 97, 'P', 0, 0, 0, 0, 2, 0, 0),
(112, 74, 4, 5, 10, 1, 104, 'P', 0, 0, 0, 0, 2, 0, 0),
(113, 114, 4, 5, 10, 1, 21, 'PL', 0, 0, 0, 0, 1, 0, 0),
(114, 114, 4, 5, 10, 1, 105, 'S', 0, 0, 0, 0, 1, 0, 0),
(115, 112, 4, 5, 4, 1, 107, 'PL', 0, 0, 0, 0, 2, 0, 0),
(116, 112, 4, 5, 4, 1, 108, 'S', 0, 0, 0, 0, 2, 0, 0),
(117, 113, 4, 5, 4, 1, 109, 'P', 0, 0, 0, 0, 2, 0, 0),
(118, 75, 3, 5, 1, 1, 28, 'PL', 0, 0, 0, 0, 2, 0, 0),
(119, 75, 3, 5, 1, 1, 29, 'S', 0, 0, 0, 0, 2, 0, 0),
(120, 35, 3, 5, 1, 1, 105, 'P', 0, 0, 0, 0, 2, 0, 0),
(121, 77, 3, 5, 1, 1, 88, 'P', 0, 0, 0, 0, 2, 0, 0),
(122, 78, 3, 5, 1, 1, 30, 'P', 0, 0, 0, 0, 4, 0, 0),
(123, 109, 3, 5, 1, 1, 33, 'P', 0, 0, 0, 0, 5, 0, 0),
(124, 81, 3, 5, 1, 1, 34, 'P', 0, 0, 0, 0, 2, 0, 0),
(125, 82, 3, 5, 1, 1, 35, 'P', 0, 0, 0, 0, 2, 0, 0),
(126, 83, 3, 5, 1, 1, 36, 'P', 0, 0, 0, 0, 2, 0, 0),
(127, 37, 3, 5, 1, 1, 31, 'P', 0, 0, 0, 0, 2, 0, 0),
(128, 110, 3, 5, 1, 1, 32, 'P', 0, 0, 0, 0, 2, 0, 0),
(129, 37, 3, 5, 2, 3, 117, 'P', 0, 0, 0, 0, 3, 0, 0),
(130, 78, 3, 5, 2, 3, 25, 'P', 0, 0, 0, 0, 4, 0, 0),
(131, 109, 3, 5, 2, 3, 27, 'P', 0, 0, 0, 0, 4, 0, 0),
(132, 81, 3, 5, 2, 3, 60, 'P', 0, 0, 0, 0, 2, 0, 0),
(133, 83, 3, 5, 2, 3, 60, 'P', 0, 0, 0, 0, 2, 0, 0),
(134, 77, 3, 5, 2, 3, 88, 'P', 0, 0, 0, 0, 2, 0, 0),
(135, 75, 3, 5, 2, 3, 35, 'P', 0, 0, 0, 0, 2, 0, 0),
(136, 82, 3, 5, 2, 3, 76, 'P', 0, 0, 0, 0, 2, 0, 0),
(137, 35, 3, 5, 2, 3, 83, 'P', 0, 0, 0, 0, 2, 0, 0),
(138, 86, 3, 5, 13, 3, 1, 'P', 0, 0, 0, 0, 2, 0, 0),
(139, 89, 3, 5, 13, 3, 34, 'P', 0, 0, 0, 0, 2, 0, 0),
(140, 94, 3, 5, 13, 3, 44, 'P', 0, 0, 0, 0, 2, 0, 0),
(141, 94, 3, 5, 13, 3, 55, 'P', 0, 0, 0, 0, 2, 0, 0),
(142, 80, 3, 5, 13, 3, 44, 'P', 0, 0, 0, 0, 2, 0, 0),
(143, 80, 3, 5, 13, 3, 26, 'P', 0, 0, 0, 0, 2, 0, 0),
(144, 96, 3, 5, 13, 3, 41, 'P', 0, 0, 0, 0, 2, 0, 0),
(145, 85, 3, 5, 13, 3, 21, 'P', 0, 0, 0, 0, 2, 0, 0),
(146, 84, 3, 5, 13, 3, 56, 'P', 0, 0, 0, 0, 2, 0, 0),
(147, 100, 3, 5, 15, 3, 55, 'P', 0, 0, 0, 0, 4, 0, 0),
(148, 100, 3, 5, 15, 3, 43, 'P', 0, 0, 0, 0, 4, 0, 0),
(149, 97, 3, 5, 15, 3, 30, 'P', 0, 0, 0, 0, 2, 0, 0),
(150, 117, 3, 5, 15, 3, 30, 'P', 0, 0, 0, 0, 2, 0, 0),
(151, 102, 3, 5, 15, 3, 49, 'P', 0, 0, 0, 0, 2, 0, 0),
(152, 93, 3, 5, 15, 3, 37, 'PL', 0, 0, 0, 0, 2, 0, 0),
(153, 93, 3, 5, 15, 3, 38, 'S', 0, 0, 0, 0, 2, 0, 0),
(154, 116, 3, 5, 15, 3, 61, 'PL', 0, 0, 0, 0, 2, 0, 0),
(155, 116, 3, 5, 15, 3, 62, 'S', 0, 0, 0, 0, 2, 0, 0),
(156, 92, 3, 5, 15, 3, 52, 'PL', 0, 0, 0, 0, 2, 0, 0),
(157, 92, 3, 5, 15, 3, 63, 'S', 0, 0, 0, 0, 2, 0, 0),
(158, 115, 3, 5, 16, 3, 34, 'P', 0, 0, 0, 0, 2, 0, 0),
(159, 108, 3, 5, 16, 3, 68, 'P', 0, 0, 0, 0, 2, 0, 0),
(160, 106, 3, 5, 16, 3, 65, 'P', 0, 0, 0, 0, 5, 0, 0),
(161, 104, 3, 5, 16, 3, 66, 'P', 0, 0, 0, 0, 2, 0, 0),
(162, 103, 3, 5, 16, 3, 67, 'P', 0, 0, 0, 0, 2, 0, 0),
(163, 118, 3, 5, 16, 3, 41, 'PL', 0, 0, 0, 0, 3, 0, 0),
(164, 118, 3, 5, 16, 3, 20, 'S', 0, 0, 0, 0, 3, 0, 0),
(165, 99, 3, 5, 16, 3, 20, 'P', 0, 0, 0, 0, 5, 0, 0),
(166, 84, 3, 5, 3, 1, 37, 'PL', 0, 0, 0, 0, 2, 0, 0),
(167, 84, 3, 5, 3, 1, 38, 'S', 0, 0, 0, 0, 2, 0, 0),
(168, 85, 3, 5, 3, 1, 39, 'P', 0, 0, 0, 0, 2, 0, 0),
(169, 86, 3, 5, 3, 1, 1, 'P', 0, 0, 0, 0, 2, 0, 0),
(170, 94, 3, 5, 3, 1, 25, 'P', 0, 0, 0, 0, 4, 0, 0),
(171, 96, 3, 5, 3, 1, 41, 'PL', 0, 0, 0, 0, 2, 0, 0),
(172, 89, 3, 5, 3, 1, 43, 'P', 0, 0, 0, 0, 2, 0, 0),
(173, 80, 3, 5, 3, 1, 44, 'P', 0, 0, 0, 0, 2, 0, 0),
(174, 80, 3, 5, 3, 1, 26, 'P', 0, 0, 0, 0, 2, 0, 0),
(175, 91, 3, 5, 3, 1, 93, 'P', 0, 0, 0, 0, 2, 0, 0),
(176, 92, 3, 5, 4, 1, 45, 'PL', 0, 0, 0, 0, 2, 0, 0),
(177, 93, 3, 5, 4, 1, 46, 'P', 0, 0, 0, 0, 2, 0, 0),
(178, 90, 3, 5, 4, 1, 43, 'P', 0, 0, 0, 0, 4, 0, 0),
(179, 98, 3, 5, 4, 1, 47, 'P', 0, 0, 0, 0, 2, 0, 0),
(180, 97, 3, 5, 4, 1, 44, 'P', 0, 0, 0, 0, 2, 0, 0),
(181, 102, 3, 5, 4, 1, 49, 'P', 0, 0, 0, 0, 2, 0, 0),
(182, 95, 3, 5, 4, 1, 44, 'P', 0, 0, 0, 0, 2, 0, 0),
(183, 100, 3, 5, 4, 1, 34, 'PL', 0, 0, 0, 0, 4, 0, 0),
(184, 100, 3, 5, 4, 1, 30, 'S', 0, 0, 0, 0, 4, 0, 0),
(185, 116, 3, 5, 4, 1, 41, 'PL', 0, 0, 0, 0, 2, 0, 0),
(186, 116, 3, 5, 4, 1, 42, 'S', 0, 0, 0, 0, 2, 0, 0),
(187, 101, 3, 5, 4, 1, 32, 'PL', 0, 0, 0, 0, 2, 0, 0),
(188, 101, 3, 5, 4, 1, 48, 'S', 0, 0, 0, 0, 2, 0, 0),
(189, 104, 3, 5, 10, 1, 50, 'P', 0, 0, 0, 0, 2, 0, 0),
(190, 115, 3, 5, 10, 1, 40, 'P', 0, 0, 0, 0, 2, 0, 0),
(191, 118, 3, 5, 10, 1, 25, 'P', 0, 0, 0, 0, 3, 0, 0),
(192, 108, 3, 5, 10, 1, 25, 'P', 0, 0, 0, 0, 2, 0, 0),
(193, 106, 3, 5, 10, 1, 44, 'P', 0, 0, 0, 0, 5, 0, 0),
(194, 99, 3, 5, 10, 1, 51, 'PL', 0, 0, 0, 0, 5, 0, 0),
(195, 99, 3, 5, 10, 1, 33, 'S', 0, 0, 0, 0, 5, 0, 0),
(196, 103, 3, 5, 10, 1, 32, 'P', 0, 0, 0, 0, 2, 0, 0),
(197, 83, 3, 5, 5, 2, 25, 'P', 0, 0, 0, 0, 2, 0, 0),
(198, 81, 3, 5, 5, 2, 40, 'P', 0, 0, 0, 0, 2, 0, 0),
(199, 75, 3, 5, 5, 2, 52, 'PL', 0, 0, 0, 0, 2, 0, 0),
(200, 75, 3, 5, 5, 2, 42, 'S', 0, 0, 0, 0, 2, 0, 0),
(201, 77, 3, 5, 5, 2, 88, 'P', 0, 0, 0, 0, 2, 0, 0),
(202, 78, 3, 5, 5, 2, 30, 'P', 0, 0, 0, 0, 4, 0, 0),
(203, 109, 3, 5, 5, 2, 24, 'PL', 0, 0, 0, 0, 4, 0, 0),
(204, 109, 3, 5, 5, 3, 27, 'S', 0, 0, 0, 0, 4, 0, 0),
(205, 35, 3, 5, 5, 2, 105, 'P', 0, 0, 0, 0, 2, 0, 0),
(206, 8, 3, 5, 5, 2, 53, 'P', 0, 0, 0, 0, 3, 0, 0),
(207, 110, 3, 5, 5, 2, 54, 'P', 0, 0, 0, 0, 3, 0, 0),
(208, 82, 3, 5, 5, 1, 52, 'PL', 0, 0, 0, 0, 2, 0, 0),
(209, 82, 3, 5, 5, 2, 42, 'S', 0, 0, 0, 0, 2, 0, 0),
(210, 85, 3, 5, 14, 2, 21, 'P', 0, 0, 0, 0, 2, 0, 0),
(211, 86, 3, 5, 14, 2, 40, 'P', 0, 0, 0, 0, 2, 0, 0),
(212, 89, 3, 5, 14, 2, 40, 'P', 0, 0, 0, 0, 2, 0, 0),
(213, 96, 3, 5, 14, 2, 41, 'P', 0, 0, 0, 0, 2, 0, 0),
(214, 94, 3, 5, 14, 2, 55, 'P', 0, 0, 0, 0, 4, 0, 0),
(215, 91, 3, 5, 14, 2, 93, 'P', 0, 0, 0, 0, 2, 0, 0),
(216, 84, 3, 5, 14, 2, 56, 'P', 0, 0, 0, 0, 2, 0, 0),
(217, 80, 3, 5, 14, 2, 26, 'P', 0, 0, 0, 0, 4, 0, 0),
(218, 116, 3, 5, 9, 2, 42, 'P', 0, 0, 0, 0, 2, 0, 0),
(219, 92, 3, 5, 9, 2, 118, 'P', 0, 0, 0, 0, 2, 0, 0),
(220, 100, 3, 5, 9, 2, 30, 'P', 0, 0, 0, 0, 4, 0, 0),
(221, 90, 3, 5, 9, 2, 43, 'P', 0, 0, 0, 0, 4, 0, 0),
(222, 101, 3, 5, 9, 2, 57, 'P', 0, 0, 0, 0, 2, 0, 0),
(223, 98, 3, 5, 9, 2, 47, 'P', 0, 0, 0, 0, 2, 0, 0),
(224, 102, 3, 5, 9, 2, 49, 'P', 0, 0, 0, 0, 2, 0, 0),
(225, 93, 3, 5, 9, 2, 21, 'P', 0, 0, 0, 0, 2, 0, 0),
(226, 117, 3, 5, 9, 2, 34, 'P', 0, 0, 0, 0, 2, 0, 0),
(227, 97, 3, 5, 9, 2, 34, 'P', 0, 0, 0, 0, 2, 0, 0),
(228, 103, 3, 5, 17, 2, 32, 'P', 0, 0, 0, 0, 2, 0, 0),
(229, 106, 3, 5, 17, 2, 55, 'P', 0, 0, 0, 0, 5, 0, 0),
(230, 118, 3, 5, 17, 2, 41, 'P', 0, 0, 0, 0, 3, 0, 0),
(231, 115, 3, 5, 17, 2, 30, 'P', 0, 0, 0, 0, 2, 0, 0),
(232, 108, 3, 5, 17, 2, 58, 'P', 0, 0, 0, 0, 2, 0, 0),
(233, 104, 3, 5, 17, 2, 59, 'P', 0, 0, 0, 0, 2, 0, 0),
(234, 99, 3, 5, 17, 2, 51, 'PL', 0, 0, 0, 0, 5, 0, 0),
(235, 99, 3, 5, 17, 2, 23, 'S', 0, 0, 0, 0, 5, 0, 0),
(236, 82, 4, 5, 2, 2, 119, 'P', 0, 0, 0, 0, 2, 0, 0),
(237, 33, 4, 5, 2, 2, 70, 'P', 0, 0, 0, 0, 1, 0, 0),
(238, 35, 4, 5, 2, 2, 72, 'P', 0, 0, 0, 0, 2, 0, 0),
(239, 79, 4, 5, 2, 2, 106, 'P', 0, 0, 0, 0, 6, 0, 0),
(240, 40, 4, 5, 2, 2, 120, 'P', 0, 0, 0, 0, 2, 0, 0),
(241, 34, 4, 5, 2, 2, 71, 'P', 0, 0, 0, 0, 2, 0, 0),
(242, 36, 4, 5, 2, 2, 28, 'PL', 0, 0, 0, 0, 1, 0, 0),
(243, 36, 4, 5, 2, 2, 121, 'S', 0, 0, 0, 0, 1, 0, 0),
(244, 108, 4, 5, 2, 2, 77, 'P', 0, 0, 0, 0, 2, 0, 0),
(245, 31, 4, 5, 2, 2, 85, 'P', 0, 0, 0, 0, 2, 0, 0),
(246, 41, 4, 5, 2, 2, 80, 'PL', 0, 0, 0, 0, 2, 0, 0),
(247, 41, 4, 5, 2, 2, 135, 'S', 0, 0, 0, 0, 2, 0, 0),
(248, 32, 4, 5, 2, 2, 136, 'P', 0, 0, 0, 0, 2, 0, 0),
(249, 67, 4, 5, 13, 2, 93, 'P', 0, 0, 0, 0, 1, 0, 0),
(250, 52, 4, 5, 13, 2, 96, 'P', 0, 0, 0, 0, 2, 0, 0),
(251, 48, 4, 5, 13, 2, 122, 'P', 0, 0, 0, 0, 2, 0, 0),
(252, 47, 4, 5, 13, 2, 89, 'P', 0, 0, 0, 0, 1, 0, 0),
(253, 51, 4, 5, 13, 2, 95, 'P', 0, 0, 0, 0, 2, 0, 0),
(254, 43, 4, 5, 13, 2, 85, 'P', 0, 0, 0, 0, 2, 0, 0),
(255, 45, 4, 5, 13, 2, 87, 'P', 0, 0, 0, 0, 1, 0, 0),
(256, 49, 4, 5, 13, 2, 92, 'P', 0, 0, 0, 0, 2, 0, 0),
(257, 46, 4, 5, 13, 2, 137, 'P', 0, 0, 0, 0, 2, 0, 0),
(258, 50, 4, 5, 13, 2, 78, 'PL', 0, 0, 0, 0, 2, 0, 0),
(259, 50, 4, 5, 13, 2, 94, 'S', 0, 0, 0, 0, 2, 0, 0),
(260, 44, 4, 5, 13, 2, 125, 'PL', 0, 0, 0, 0, 2, 0, 0),
(261, 44, 4, 5, 13, 2, 83, 'S', 0, 0, 0, 0, 2, 0, 0),
(262, 119, 4, 5, 13, 2, 83, 'P', 0, 0, 0, 0, 4, 0, 0),
(263, 119, 4, 5, 13, 2, 124, 'P', 0, 0, 0, 0, 4, 0, 0),
(264, 54, 4, 5, 15, 2, 70, 'P', 0, 0, 0, 0, 2, 0, 0),
(265, 62, 4, 5, 15, 2, 93, 'PL', 0, 0, 0, 0, 1, 0, 0),
(266, 62, 4, 5, 15, 2, 94, 'S', 0, 0, 0, 0, 1, 0, 0),
(267, 53, 4, 5, 1, 2, 21, 'P', 0, 0, 0, 0, 2, 0, 0),
(268, 56, 4, 5, 15, 2, 92, 'P', 0, 0, 0, 0, 1, 0, 0),
(269, 61, 4, 5, 15, 2, 97, 'P', 0, 0, 0, 0, 1, 0, 0),
(270, 55, 4, 5, 15, 2, 96, 'P', 0, 0, 0, 0, 1, 0, 0),
(271, 57, 4, 5, 15, 2, 52, 'PL', 0, 0, 0, 0, 2, 0, 0),
(272, 57, 4, 5, 15, 2, 138, 'S', 0, 0, 0, 0, 2, 0, 0),
(273, 63, 4, 5, 15, 2, 93, 'P', 0, 0, 0, 0, 2, 0, 0),
(274, 65, 4, 5, 15, 2, 100, 'P', 0, 0, 0, 0, 2, 0, 0),
(275, 66, 4, 5, 15, 2, 69, 'P', 0, 0, 0, 0, 2, 0, 0),
(276, 60, 4, 5, 15, 2, 126, 'P', 0, 0, 0, 0, 2, 0, 0),
(277, 58, 4, 5, 15, 2, 130, 'P', 0, 0, 0, 0, 1, 0, 0),
(278, 59, 4, 5, 15, 2, 128, 'PL', 0, 0, 0, 0, 2, 0, 0),
(279, 59, 4, 5, 15, 2, 129, 'S', 0, 0, 0, 0, 2, 0, 0),
(280, 64, 4, 5, 15, 2, 139, 'P', 0, 0, 0, 0, 1, 0, 0),
(281, 74, 4, 5, 16, 2, 93, 'PL', 0, 0, 0, 0, 2, 0, 0),
(282, 74, 4, 5, 16, 2, 94, 'S', 0, 0, 0, 0, 2, 0, 0),
(283, 70, 4, 5, 16, 2, 131, 'P', 0, 0, 0, 0, 10, 0, 0),
(284, 70, 4, 5, 16, 2, 132, 'P', 0, 0, 0, 0, 10, 0, 0),
(285, 71, 4, 5, 16, 2, 92, 'P', 0, 0, 0, 0, 2, 0, 0),
(286, 72, 4, 5, 16, 2, 105, 'PL', 0, 0, 0, 0, 2, 0, 0),
(287, 69, 4, 5, 16, 2, 121, 'P', 0, 0, 0, 0, 2, 0, 0),
(288, 114, 4, 5, 16, 2, 105, 'PL', 0, 0, 0, 0, 1, 0, 0),
(289, 114, 4, 5, 16, 2, 96, 'S', 0, 0, 0, 0, 1, 0, 0),
(290, 72, 4, 5, 16, 2, 133, 'S', 0, 0, 0, 0, 2, 0, 0),
(291, 73, 4, 5, 16, 2, 134, 'P', 0, 0, 0, 0, 2, 0, 0),
(292, 68, 4, 5, 16, 2, 135, 'P', 0, 0, 0, 0, 2, 0, 0),
(293, 82, 5, 5, 1, 1, 127, 'P', 0, 0, 0, 0, 2, 0, 0),
(294, 32, 5, 5, 1, 1, 89, 'P', 0, 0, 0, 0, 2, 0, 0),
(295, 120, 5, 5, 1, 1, 106, 'P', 0, 0, 0, 0, 3, 0, 0),
(296, 120, 5, 5, 1, 1, 127, 'P', 0, 0, 0, 0, 3, 0, 0),
(297, 35, 5, 5, 1, 1, 125, 'PL', 0, 0, 0, 0, 2, 0, 0),
(298, 35, 5, 5, 1, 1, 105, 'S', 0, 0, 0, 0, 2, 0, 0),
(299, 108, 5, 5, 1, 1, 77, 'P', 0, 0, 0, 0, 2, 0, 0),
(300, 33, 5, 5, 1, 1, 70, 'P', 0, 0, 0, 0, 1, 0, 0),
(301, 34, 5, 5, 1, 1, 71, 'P', 0, 0, 0, 0, 2, 0, 0),
(302, 41, 5, 5, 1, 1, 137, 'P', 0, 0, 0, 0, 2, 0, 0),
(303, 40, 5, 5, 1, 1, 121, 'PL', 0, 0, 0, 0, 2, 0, 0),
(304, 40, 5, 5, 1, 1, 140, 'S', 0, 0, 0, 0, 2, 0, 0),
(305, 121, 5, 5, 1, 1, 116, 'P', 0, 0, 0, 0, 2, 0, 0),
(306, 119, 5, 5, 3, 1, 142, 'P', 0, 0, 0, 0, 2, 0, 0),
(307, 119, 5, 5, 3, 1, 127, 'P', 0, 0, 0, 0, 2, 0, 0),
(308, 122, 5, 5, 3, 1, 125, 'PL', 0, 0, 0, 0, 2, 0, 0),
(309, 122, 5, 5, 3, 1, 143, 'S', 0, 0, 0, 0, 2, 0, 0),
(310, 47, 5, 5, 3, 1, 125, 'PL', 0, 0, 0, 0, 1, 0, 0),
(311, 47, 5, 5, 3, 1, 143, 'S', 0, 0, 0, 0, 1, 0, 0),
(312, 49, 5, 5, 3, 1, 144, 'P', 0, 0, 0, 0, 2, 0, 0),
(313, 50, 5, 5, 3, 1, 120, 'P', 0, 0, 0, 0, 2, 0, 0),
(314, 43, 5, 5, 3, 1, 84, 'PL', 0, 0, 0, 0, 2, 0, 0),
(315, 43, 5, 5, 3, 1, 89, 'S', 0, 0, 0, 0, 2, 0, 0),
(316, 44, 5, 5, 3, 1, 127, 'P', 0, 0, 0, 0, 2, 0, 0),
(317, 52, 5, 5, 3, 1, 98, 'P', 0, 0, 0, 0, 2, 0, 0),
(318, 123, 5, 5, 3, 1, 95, 'P', 0, 0, 0, 0, 2, 0, 0),
(319, 46, 5, 5, 3, 1, 141, 'P', 0, 0, 0, 0, 2, 0, 0),
(320, 124, 5, 5, 3, 1, 114, 'PL', 0, 0, 0, 0, 1, 0, 0),
(321, 124, 5, 5, 3, 1, 113, 'S', 0, 0, 0, 0, 1, 0, 0),
(322, 54, 5, 5, 4, 1, 70, 'P', 0, 0, 0, 0, 2, 0, 0),
(323, 57, 5, 5, 4, 1, 52, 'PL', 0, 0, 0, 0, 2, 0, 0),
(324, 59, 5, 5, 4, 1, 90, 'P', 0, 0, 0, 0, 2, 0, 0),
(325, 125, 5, 5, 4, 1, 105, 'P', 0, 0, 0, 0, 2, 0, 0),
(326, 126, 5, 5, 4, 1, 98, 'P', 0, 0, 0, 0, 2, 0, 0),
(327, 127, 5, 5, 4, 1, 146, 'P', 0, 0, 0, 0, 2, 0, 0),
(328, 63, 5, 5, 4, 1, 113, 'P', 0, 0, 0, 0, 1, 0, 0),
(329, 128, 5, 5, 4, 1, 141, 'P', 0, 0, 0, 0, 2, 0, 0),
(330, 58, 5, 5, 4, 1, 88, 'P', 0, 0, 0, 0, 1, 0, 0),
(331, 53, 5, 5, 4, 1, 39, 'P', 0, 0, 0, 0, 2, 0, 0),
(332, 129, 5, 5, 4, 1, 78, 'PL', 0, 0, 0, 0, 2, 0, 0),
(333, 129, 6, 5, 4, 1, 79, 'S', 0, 0, 0, 0, 2, 0, 0),
(334, 114, 5, 5, 10, 1, 96, 'P', 0, 0, 0, 0, 2, 0, 0),
(335, 131, 5, 5, 10, 1, 98, 'P', 0, 0, 0, 0, 2, 0, 0),
(336, 132, 5, 5, 10, 1, 144, 'P', 0, 0, 0, 0, 2, 0, 0),
(337, 74, 5, 5, 10, 1, 104, 'P', 0, 0, 0, 0, 2, 0, 0),
(338, 133, 5, 5, 10, 1, 88, 'P', 0, 0, 0, 0, 2, 0, 0),
(339, 134, 5, 5, 10, 1, 126, 'P', 0, 0, 0, 0, 2, 0, 0),
(340, 72, 5, 5, 10, 1, 49, 'P', 0, 0, 0, 0, 2, 0, 0),
(341, 130, 5, 5, 10, 1, 105, 'P', 0, 0, 0, 0, 2, 0, 0),
(342, 67, 5, 5, 10, 1, 114, 'PL', 0, 0, 0, 0, 2, 0, 0),
(343, 67, 5, 5, 10, 1, 115, 'S', 0, 0, 0, 0, 2, 0, 0),
(344, 82, 5, 5, 2, 3, 147, 'PL', 0, 0, 0, 0, 2, 0, 0),
(345, 82, 5, 5, 2, 3, 138, 'S', 0, 0, 0, 0, 2, 0, 0),
(346, 34, 5, 5, 2, 3, 71, 'P', 0, 0, 0, 0, 2, 0, 0),
(347, 40, 5, 5, 2, 3, 148, 'P', 0, 0, 0, 0, 2, 0, 0),
(348, 35, 5, 5, 2, 3, 83, 'P', 0, 0, 0, 0, 2, 0, 0),
(349, 121, 5, 5, 2, 3, 116, 'P', 0, 0, 0, 0, 2, 0, 0),
(350, 108, 5, 5, 2, 3, 144, 'P', 0, 0, 0, 0, 2, 0, 0),
(351, 41, 5, 5, 2, 3, 137, 'P', 0, 0, 0, 0, 2, 0, 0),
(352, 33, 5, 5, 2, 3, 70, 'P', 0, 0, 0, 0, 1, 0, 0),
(353, 36, 5, 5, 2, 3, 98, 'P', 0, 0, 0, 0, 1, 0, 0),
(354, 43, 5, 5, 2, 3, 89, 'P', 0, 0, 0, 0, 2, 0, 0),
(355, 79, 5, 5, 2, 3, 127, 'P', 0, 0, 0, 0, 3, 0, 0),
(356, 79, 5, 5, 2, 3, 149, 'P', 0, 0, 0, 0, 3, 0, 0),
(357, 119, 5, 5, 13, 3, 127, 'P', 0, 0, 0, 0, 4, 0, 0),
(358, 119, 5, 5, 13, 3, 150, 'P', 0, 0, 0, 0, 4, 0, 0),
(359, 44, 5, 5, 13, 3, 59, 'P', 0, 0, 0, 0, 1, 0, 0),
(360, 52, 5, 5, 13, 3, 98, 'PL', 0, 0, 0, 0, 2, 0, 0),
(361, 52, 5, 5, 13, 3, 121, 'S', 0, 0, 0, 0, 2, 0, 0),
(362, 47, 5, 5, 13, 3, 84, 'PL', 0, 0, 0, 0, 3, 0, 0),
(363, 47, 5, 5, 13, 3, 89, 'S', 0, 0, 0, 0, 3, 0, 0),
(364, 46, 5, 5, 13, 3, 88, 'P', 0, 0, 0, 0, 2, 0, 0),
(365, 50, 5, 5, 13, 3, 79, 'P', 0, 0, 0, 0, 2, 0, 0),
(366, 45, 5, 5, 13, 3, 113, 'P', 0, 0, 0, 0, 2, 0, 0),
(367, 49, 5, 5, 13, 3, 77, 'P', 0, 0, 0, 0, 2, 0, 0),
(368, 134, 5, 5, 13, 3, 126, 'P', 0, 0, 0, 0, 2, 0, 0),
(369, 67, 5, 5, 13, 3, 134, 'P', 0, 0, 0, 0, 2, 0, 0),
(370, 122, 5, 5, 13, 3, 127, 'P', 0, 0, 0, 0, 2, 0, 0),
(371, 123, 5, 5, 13, 3, 95, 'P', 0, 0, 0, 0, 2, 0, 0),
(372, 126, 5, 5, 15, 3, 98, 'P', 0, 0, 0, 0, 2, 0, 0),
(373, 53, 5, 5, 15, 3, 52, 'PL', 0, 0, 0, 0, 2, 0, 0),
(374, 53, 5, 5, 15, 3, 63, 'S', 0, 0, 0, 0, 2, 0, 0),
(375, 63, 5, 5, 15, 3, 113, 'P', 0, 0, 0, 0, 1, 0, 0),
(376, 135, 5, 5, 15, 3, 70, 'P', 0, 0, 0, 0, 2, 0, 0),
(377, 125, 5, 5, 15, 3, 143, 'P', 0, 0, 0, 0, 1, 0, 0),
(378, 129, 5, 5, 15, 3, 148, 'P', 0, 0, 0, 0, 2, 0, 0),
(379, 127, 5, 5, 15, 3, 152, 'P', 0, 0, 0, 0, 2, 0, 0),
(380, 128, 5, 5, 15, 3, 88, 'P', 0, 0, 0, 0, 2, 0, 0),
(381, 58, 5, 5, 15, 3, 88, 'P', 0, 0, 0, 0, 1, 0, 0),
(382, 57, 5, 5, 15, 3, 145, 'P', 0, 0, 0, 0, 2, 0, 0),
(383, 59, 5, 5, 15, 3, 151, 'PL', 0, 0, 0, 0, 2, 0, 0),
(384, 59, 5, 5, 15, 3, 129, 'S', 0, 0, 0, 0, 2, 0, 0),
(385, 68, 5, 5, 16, 3, 137, 'P', 0, 0, 0, 0, 2, 0, 0),
(386, 131, 5, 5, 16, 3, 98, 'PL', 0, 0, 0, 0, 2, 0, 0),
(387, 131, 5, 5, 16, 3, 153, 'S', 0, 0, 0, 0, 2, 0, 0),
(388, 74, 5, 5, 16, 3, 79, 'P', 0, 0, 0, 0, 2, 0, 0),
(389, 132, 5, 5, 16, 3, 155, 'P', 0, 0, 0, 0, 2, 0, 0),
(390, 72, 5, 5, 16, 3, 49, 'P', 0, 0, 0, 0, 2, 0, 0),
(391, 130, 5, 5, 16, 3, 21, 'P', 0, 0, 0, 0, 2, 0, 0),
(392, 114, 5, 5, 16, 3, 123, 'PL', 0, 0, 0, 0, 2, 0, 0),
(393, 114, 5, 5, 16, 3, 154, 'S', 0, 0, 0, 0, 2, 0, 0),
(394, 177, 2, 5, 1, 1, 157, 'P', 0, 0, 0, 0, 4, 0, 0),
(395, 75, 2, 5, 1, 1, 28, 'PL', 0, 0, 0, 0, 2, 0, 0),
(396, 75, 2, 5, 1, 1, 29, 'S', 0, 0, 0, 0, 2, 0, 0),
(397, 4, 6, 5, 1, 1, 194, 'P', 0, 0, 0, 0, 3, 0, 0),
(398, 82, 2, 5, 1, 1, 35, 'P', 0, 0, 0, 0, 3, 0, 0),
(399, 186, 2, 5, 1, 1, 157, 'P', 0, 0, 0, 0, 5, 0, 0),
(400, 35, 2, 5, 1, 1, 35, 'P', 0, 0, 0, 0, 2, 0, 0),
(401, 149, 2, 5, 1, 1, 54, 'P', 0, 0, 0, 0, 3, 0, 0),
(402, 35, 2, 5, 8, 1, 105, 'P', 0, 0, 0, 0, 2, 0, 0),
(403, 177, 2, 5, 8, 1, 15, 'P', 0, 0, 0, 0, 4, 0, 0),
(404, 4, 2, 5, 8, 1, 157, 'P', 0, 0, 0, 0, 3, 0, 0),
(405, 82, 2, 5, 8, 1, 122, 'P', 0, 0, 0, 0, 3, 0, 0),
(406, 149, 2, 5, 8, 1, 105, 'P', 0, 0, 0, 0, 3, 0, 0),
(407, 186, 2, 5, 8, 1, 158, 'P', 0, 0, 0, 0, 5, 0, 0),
(408, 75, 2, 5, 8, 1, 119, 'S', 0, 0, 0, 0, 2, 0, 0),
(409, 75, 2, 5, 8, 1, 52, 'PL', 0, 0, 0, 0, 2, 0, 0),
(410, 186, 2, 5, 2, 2, 157, 'P', 0, 0, 0, 0, 5, 0, 0),
(411, 177, 2, 5, 2, 2, 177, 'P', 0, 0, 0, 0, 4, 0, 0),
(412, 4, 2, 5, 2, 2, 205, 'P', 0, 0, 0, 0, 3, 0, 0),
(413, 149, 2, 5, 2, 2, 54, 'P', 0, 0, 0, 0, 3, 0, 0),
(414, 82, 2, 5, 8, 2, 208, 'P', 0, 0, 0, 0, 3, 0, 0),
(415, 35, 2, 5, 2, 2, 105, 'P', 0, 0, 0, 0, 2, 0, 0),
(416, 75, 2, 5, 2, 2, 52, 'PL', 0, 0, 0, 0, 2, 0, 0),
(417, 75, 2, 5, 2, 2, 59, 'S', 0, 0, 0, 0, 2, 0, 0),
(418, 75, 2, 5, 5, 3, 20, 'S', 0, 0, 0, 0, 2, 0, 0),
(419, 75, 2, 5, 5, 3, 211, 'PL', 0, 0, 0, 0, 2, 0, 0),
(420, 35, 2, 5, 5, 3, 209, 'P', 0, 0, 0, 0, 2, 0, 0),
(421, 177, 2, 5, 5, 3, 157, 'P', 0, 0, 0, 0, 4, 0, 0),
(422, 4, 2, 5, 5, 3, 13, 'P', 0, 0, 0, 0, 3, 0, 0),
(423, 82, 2, 5, 5, 3, 143, 'P', 0, 0, 0, 0, 3, 0, 0),
(424, 186, 2, 5, 5, 3, 8, 'P', 0, 0, 0, 0, 5, 0, 0),
(425, 149, 2, 5, 5, 3, 210, 'PL', 0, 0, 0, 0, 3, 0, 0),
(426, 149, 2, 5, 5, 3, 127, 'S', 0, 0, 0, 0, 3, 0, 0),
(427, 4, 2, 5, 18, 3, 190, 'P', 0, 0, 0, 0, 3, 0, 0),
(428, 149, 2, 5, 18, 3, 53, 'P', 0, 0, 0, 0, 3, 0, 0),
(429, 177, 2, 5, 18, 3, 212, 'P', 0, 0, 0, 0, 4, 0, 0),
(430, 186, 2, 5, 18, 3, 121, 'P', 0, 0, 0, 0, 5, 0, 0),
(431, 75, 2, 5, 18, 3, 143, 'P', 0, 0, 0, 0, 2, 0, 0),
(432, 82, 2, 5, 18, 3, 122, 'P', 0, 0, 0, 0, 3, 0, 0),
(433, 35, 2, 5, 18, 3, 83, 'P', 0, 0, 0, 0, 2, 0, 0),
(434, 85, 2, 5, 3, 1, 52, 'PL', 0, 0, 0, 0, 2, 0, 0),
(435, 50, 2, 5, 3, 1, 198, 'P', 0, 0, 0, 0, 2, 0, 0),
(436, 85, 2, 5, 3, 1, 176, 'S', 0, 0, 0, 0, 2, 0, 0),
(437, 212, 2, 5, 3, 1, 158, 'P', 0, 0, 0, 0, 4, 0, 0),
(438, 176, 2, 5, 3, 1, 158, 'P', 0, 0, 0, 0, 3, 0, 0),
(439, 179, 2, 5, 3, 1, 104, 'P', 0, 0, 0, 0, 2, 0, 0),
(440, 148, 2, 5, 3, 1, 15, 'P', 0, 0, 0, 0, 4, 0, 0),
(441, 91, 2, 5, 3, 1, 169, 'P', 0, 0, 0, 0, 2, 0, 0),
(442, 187, 2, 5, 3, 1, 46, 'P', 0, 0, 0, 0, 2, 0, 0),
(443, 179, 2, 5, 13, 2, 194, 'P', 0, 0, 0, 0, 2, 0, 0),
(444, 212, 2, 5, 13, 2, 158, 'P', 0, 0, 0, 0, 4, 0, 0),
(445, 187, 2, 5, 13, 2, 56, 'P', 0, 0, 0, 0, 2, 0, 0),
(446, 148, 2, 5, 13, 2, 158, 'P', 0, 0, 0, 0, 4, 0, 0),
(447, 154, 2, 5, 13, 2, 214, 'P', 0, 0, 0, 0, 2, 0, 0),
(448, 85, 2, 5, 13, 2, 20, 'P', 0, 0, 0, 0, 2, 0, 0),
(449, 176, 2, 5, 13, 2, 190, 'P', 0, 0, 0, 0, 3, 0, 0),
(450, 91, 2, 5, 13, 2, 213, 'P', 0, 0, 0, 0, 2, 0, 0),
(451, 212, 2, 5, 14, 3, 190, 'P', 0, 0, 0, 0, 4, 0, 0),
(452, 179, 2, 5, 14, 3, 221, 'P', 0, 0, 0, 0, 2, 0, 0),
(453, 148, 2, 5, 14, 3, 163, 'P', 0, 0, 0, 0, 4, 0, 0),
(454, 154, 2, 5, 14, 3, 212, 'P', 0, 0, 0, 0, 2, 0, 0),
(455, 187, 2, 5, 14, 3, 222, 'P', 0, 0, 0, 0, 2, 0, 0),
(456, 85, 2, 5, 14, 3, 223, 'P', 0, 0, 0, 0, 2, 0, 0),
(457, 176, 2, 5, 14, 3, 190, 'P', 0, 0, 0, 0, 3, 0, 0),
(458, 91, 2, 5, 14, 3, 213, 'P', 0, 0, 0, 0, 2, 0, 0),
(459, 152, 2, 5, 4, 1, 194, 'P', 0, 0, 0, 0, 4, 0, 0),
(460, 93, 2, 5, 4, 1, 181, 'P', 0, 0, 0, 0, 2, 0, 0),
(461, 200, 2, 5, 4, 1, 205, 'P', 0, 0, 0, 0, 3, 0, 0),
(462, 136, 2, 5, 4, 1, 200, 'P', 0, 0, 0, 0, 4, 0, 0),
(463, 102, 2, 5, 4, 1, 49, 'P', 0, 0, 0, 0, 2, 0, 0),
(464, 92, 2, 5, 4, 1, 189, 'P', 0, 0, 0, 0, 2, 0, 0),
(465, 181, 2, 5, 4, 1, 197, 'P', 0, 0, 0, 0, 2, 0, 0),
(466, 101, 2, 5, 4, 1, 52, 'PL', 0, 0, 0, 0, 2, 0, 0),
(467, 101, 2, 5, 4, 1, 196, 'S', 0, 0, 0, 0, 2, 0, 0),
(468, 200, 2, 5, 9, 2, 200, 'P', 0, 0, 0, 0, 3, 0, 0),
(469, 152, 2, 5, 9, 2, 194, 'P', 0, 0, 0, 0, 4, 0, 0),
(470, 129, 2, 5, 9, 2, 205, 'P', 0, 0, 0, 0, 2, 0, 0),
(471, 129, 2, 5, 4, 1, 212, 'P', 0, 0, 0, 0, 2, 0, 0),
(472, 136, 2, 5, 9, 2, 200, 'P', 0, 0, 0, 0, 4, 0, 0),
(473, 93, 2, 5, 9, 2, 181, 'P', 0, 0, 0, 0, 2, 0, 0),
(474, 181, 2, 5, 9, 2, 215, 'P', 0, 0, 0, 0, 2, 0, 0),
(475, 102, 2, 5, 9, 2, 49, 'P', 0, 0, 0, 0, 2, 0, 0),
(476, 92, 2, 5, 9, 2, 83, 'P', 0, 0, 0, 0, 2, 0, 0),
(477, 101, 2, 5, 9, 2, 52, 'PL', 0, 0, 0, 0, 2, 0, 0),
(478, 101, 2, 5, 9, 2, 59, 'S', 0, 0, 0, 0, 2, 0, 0),
(479, 92, 2, 5, 15, 3, 128, 'PL', 0, 0, 0, 0, 2, 0, 0),
(480, 92, 2, 5, 15, 3, 35, 'S', 0, 0, 0, 0, 2, 0, 0),
(481, 102, 2, 5, 15, 3, 110, 'PL', 0, 0, 0, 0, 2, 0, 0),
(482, 102, 2, 5, 15, 3, 224, 'S', 0, 0, 0, 0, 2, 0, 0),
(483, 136, 2, 5, 15, 3, 194, 'P', 0, 0, 0, 0, 4, 0, 0),
(484, 152, 2, 5, 15, 3, 194, 'P', 0, 0, 0, 0, 4, 0, 0),
(485, 129, 2, 5, 15, 3, 212, 'P', 0, 0, 0, 0, 2, 0, 0),
(486, 181, 2, 5, 15, 3, 217, 'P', 0, 0, 0, 0, 2, 0, 0),
(487, 200, 2, 5, 15, 3, 205, 'P', 0, 0, 0, 0, 3, 0, 0),
(488, 93, 2, 5, 15, 3, 181, 'P', 0, 0, 0, 0, 2, 0, 0),
(489, 101, 2, 5, 15, 3, 196, 'P', 0, 0, 0, 0, 2, 0, 0),
(490, 159, 2, 5, 10, 1, 163, 'P', 0, 0, 0, 0, 2, 0, 0),
(491, 188, 2, 5, 10, 1, 194, 'P', 0, 0, 0, 0, 4, 0, 0),
(492, 103, 2, 5, 10, 1, 67, 'P', 0, 0, 0, 0, 2, 0, 0),
(493, 210, 2, 5, 10, 1, 190, 'P', 0, 0, 0, 0, 3, 0, 0),
(494, 173, 2, 5, 10, 1, 183, 'P', 0, 0, 0, 0, 3, 0, 0),
(495, 178, 2, 5, 10, 1, 183, 'P', 0, 0, 0, 0, 2, 0, 0),
(496, 180, 2, 5, 10, 1, 34, 'PL', 0, 0, 0, 0, 1, 0, 0),
(497, 180, 2, 5, 10, 1, 68, 'S', 0, 0, 0, 0, 1, 0, 0),
(498, 213, 2, 5, 10, 1, 178, 'P', 0, 0, 0, 0, 2, 0, 0),
(499, 138, 2, 5, 10, 1, 164, 'P', 0, 0, 0, 0, 2, 0, 0),
(500, 178, 2, 5, 17, 2, 15, 'P', 0, 0, 0, 0, 2, 0, 0),
(501, 173, 2, 5, 17, 2, 194, 'P', 0, 0, 0, 0, 3, 0, 0),
(502, 210, 2, 5, 17, 2, 190, 'P', 0, 0, 0, 0, 3, 0, 0),
(503, 138, 2, 5, 17, 2, 164, 'P', 0, 0, 0, 0, 2, 0, 0),
(504, 103, 2, 5, 17, 2, 67, 'P', 0, 0, 0, 0, 2, 0, 0),
(505, 213, 2, 5, 17, 2, 212, 'P', 0, 0, 0, 0, 2, 0, 0),
(506, 159, 2, 5, 17, 2, 205, 'P', 0, 0, 0, 0, 2, 0, 0),
(507, 180, 2, 5, 17, 2, 217, 'P', 0, 0, 0, 0, 2, 0, 0),
(508, 188, 2, 5, 17, 2, 212, 'PL', 0, 0, 0, 0, 3, 0, 0),
(509, 188, 2, 5, 17, 2, 216, 'S', 0, 0, 0, 0, 3, 0, 0),
(510, 188, 2, 5, 16, 3, 194, 'P', 0, 0, 0, 0, 3, 0, 0),
(511, 173, 2, 5, 16, 3, 194, 'P', 0, 0, 0, 0, 3, 0, 0),
(512, 178, 2, 5, 16, 3, 220, 'P', 0, 0, 0, 0, 2, 0, 0),
(513, 103, 2, 5, 16, 3, 67, 'P', 0, 0, 0, 0, 2, 0, 0),
(514, 138, 2, 5, 16, 3, 218, 'P', 0, 0, 0, 0, 2, 0, 0),
(515, 210, 2, 5, 16, 3, 207, 'P', 0, 0, 0, 0, 3, 0, 0),
(516, 159, 2, 5, 16, 3, 169, 'P', 0, 0, 0, 0, 2, 0, 0),
(517, 213, 2, 5, 16, 3, 212, 'P', 0, 0, 0, 0, 2, 0, 0),
(518, 180, 2, 5, 16, 3, 219, 'PL', 0, 0, 0, 0, 2, 0, 0),
(519, 180, 2, 5, 16, 3, 217, 'S', 0, 0, 0, 0, 2, 0, 0),
(520, 204, 7, 5, 6, 3, 191, 'P', 0, 0, 0, 0, 4, 0, 0),
(521, 108, 7, 5, 6, 3, 225, 'P', 0, 0, 0, 0, 2, 0, 0),
(522, 151, 7, 5, 6, 3, 226, 'P', 0, 0, 0, 0, 2, 0, 0),
(523, 170, 7, 5, 6, 3, 204, 'P', 0, 0, 0, 0, 3, 0, 0),
(524, 194, 7, 5, 6, 3, 161, 'P', 0, 0, 0, 0, 2, 0, 0),
(525, 197, 7, 5, 6, 3, 21, 'P', 0, 0, 0, 0, 2, 0, 0),
(526, 207, 7, 5, 6, 3, 204, 'P', 0, 0, 0, 0, 3, 0, 0),
(527, 182, 7, 5, 6, 3, 172, 'P', 0, 0, 0, 0, 2, 0, 0),
(528, 165, 7, 5, 6, 3, 201, 'PL', 0, 0, 0, 0, 2, 0, 0),
(529, 165, 7, 5, 6, 3, 171, 'S', 0, 0, 0, 0, 2, 0, 0),
(530, 203, 7, 5, 7, 3, 204, 'P', 0, 0, 0, 0, 3, 0, 0),
(531, 202, 7, 5, 7, 3, 199, 'P', 0, 0, 0, 0, 2, 0, 0),
(532, 205, 7, 5, 7, 3, 175, 'P', 0, 0, 0, 0, 2, 0, 0),
(533, 193, 7, 5, 7, 3, 162, 'PL', 0, 0, 0, 0, 2, 0, 0),
(534, 193, 7, 5, 7, 3, 20, 'S', 0, 0, 0, 0, 2, 0, 0),
(535, 214, 7, 5, 7, 3, 167, 'P', 0, 0, 0, 0, 2, 0, 0),
(536, 206, 7, 5, 7, 3, 173, 'P', 0, 0, 0, 0, 3, 0, 0),
(537, 215, 7, 5, 7, 3, 204, 'P', 0, 0, 0, 0, 2, 0, 0),
(538, 108, 7, 5, 7, 3, 162, 'PL', 0, 0, 0, 0, 3, 0, 0),
(539, 216, 7, 5, 7, 3, 162, 'PL', 0, 0, 0, 0, 2, 0, 0),
(540, 174, 8, 5, 6, 3, 174, 'P', 0, 0, 0, 0, 2, 0, 0),
(541, 151, 8, 5, 6, 3, 202, 'P', 0, 0, 0, 0, 4, 0, 0),
(542, 209, 8, 5, 6, 3, 193, 'P', 0, 0, 0, 0, 2, 0, 0),
(543, 140, 8, 5, 6, 3, 182, 'P', 0, 0, 0, 0, 2, 0, 0),
(544, 108, 8, 5, 6, 3, 182, 'P', 0, 0, 0, 0, 2, 0, 0),
(545, 189, 8, 5, 6, 3, 206, 'P', 0, 0, 0, 0, 2, 0, 0),
(546, 160, 8, 5, 6, 3, 174, 'P', 0, 0, 0, 0, 3, 0, 0),
(547, 165, 8, 5, 6, 3, 201, 'PL', 0, 0, 0, 0, 2, 0, 0),
(548, 165, 8, 5, 6, 3, 184, 'S', 0, 0, 0, 0, 2, 0, 0),
(549, 195, 8, 5, 6, 3, 202, 'P', 0, 0, 0, 0, 3, 0, 0),
(550, 197, 8, 5, 6, 3, 181, 'P', 0, 0, 0, 0, 2, 0, 0),
(551, 162, 8, 5, 7, 3, 174, 'P', 0, 0, 0, 0, 3, 0, 0),
(552, 190, 8, 5, 7, 3, 206, 'P', 0, 0, 0, 0, 2, 0, 0),
(553, 108, 8, 5, 7, 3, 161, 'P', 0, 0, 0, 0, 3, 0, 0),
(554, 141, 8, 5, 7, 3, 179, 'P', 0, 0, 0, 0, 2, 0, 0),
(555, 211, 8, 5, 7, 3, 202, 'P', 0, 0, 0, 0, 2, 0, 0),
(556, 167, 8, 5, 7, 3, 206, 'P', 0, 0, 0, 0, 4, 0, 0),
(557, 169, 8, 5, 7, 3, 206, 'P', 0, 0, 0, 0, 2, 0, 0),
(558, 168, 8, 5, 7, 3, 207, 'P', 0, 0, 0, 0, 3, 0, 0),
(559, 165, 10, 5, 6, 3, 170, 'P', 0, 0, 0, 0, 2, 0, 0),
(560, 197, 10, 5, 6, 3, 165, 'P', 0, 0, 0, 0, 2, 0, 0),
(561, 142, 10, 5, 6, 3, 102, 'P', 0, 0, 0, 0, 3, 0, 0),
(562, 203, 10, 5, 6, 3, 91, 'PL', 0, 0, 0, 0, 2, 0, 0),
(563, 203, 10, 5, 6, 3, 168, 'S', 0, 0, 0, 0, 2, 0, 0),
(564, 166, 10, 5, 6, 3, 91, 'PL', 0, 0, 0, 0, 2, 0, 0),
(565, 166, 10, 5, 6, 3, 167, 'S', 0, 0, 0, 0, 2, 0, 0),
(566, 143, 10, 5, 6, 3, 195, 'P', 0, 0, 0, 0, 2, 0, 0),
(567, 146, 10, 5, 6, 3, 195, 'P', 0, 0, 0, 0, 3, 0, 0),
(568, 144, 10, 5, 6, 3, 199, 'P', 0, 0, 0, 0, 2, 0, 0),
(569, 151, 10, 5, 6, 3, 186, 'P', 0, 0, 0, 0, 2, 0, 0),
(570, 192, 10, 5, 7, 3, 186, 'P', 0, 0, 0, 0, 2, 0, 0),
(571, 217, 10, 5, 7, 3, 186, 'P', 0, 0, 0, 0, 3, 0, 0),
(572, 108, 10, 5, 7, 3, 180, 'P', 0, 0, 0, 0, 2, 0, 0),
(573, 147, 10, 5, 7, 3, 77, 'P', 0, 0, 0, 0, 2, 0, 0),
(574, 175, 10, 5, 7, 3, 186, 'P', 0, 0, 0, 0, 3, 0, 0),
(575, 139, 10, 5, 7, 3, 199, 'P', 0, 0, 0, 0, 1, 0, 0),
(576, 164, 10, 5, 7, 3, 199, 'P', 0, 0, 0, 0, 4, 0, 0),
(577, 218, 10, 5, 7, 3, 102, 'PL', 0, 0, 0, 0, 2, 0, 0),
(578, 218, 10, 5, 7, 3, 185, 'S', 0, 0, 0, 0, 2, 0, 0),
(579, 145, 10, 5, 7, 3, 102, 'PL', 0, 0, 0, 0, 2, 0, 0),
(580, 145, 10, 5, 7, 3, 166, 'S', 0, 0, 0, 0, 2, 0, 0),
(581, 35, 11, 5, 1, 1, 35, 'P', 0, 0, 0, 0, 2, 0, 0),
(582, 153, 11, 5, 1, 1, 93, 'P', 0, 0, 0, 0, 2, 0, 0),
(583, 163, 11, 5, 1, 1, 180, 'P', 0, 0, 0, 0, 2, 0, 0),
(584, 185, 11, 5, 1, 1, 156, 'P', 0, 0, 0, 0, 3, 0, 0),
(585, 208, 11, 5, 1, 1, 144, 'P', 0, 0, 0, 0, 3, 0, 0),
(586, 191, 11, 5, 1, 1, 140, 'P', 0, 0, 0, 0, 2, 0, 0),
(587, 157, 11, 5, 1, 1, 28, 'P', 0, 0, 0, 0, 2, 0, 0),
(588, 184, 11, 5, 1, 1, 192, 'P', 0, 0, 0, 0, 3, 0, 0),
(589, 37, 11, 5, 1, 1, 188, 'P', 0, 0, 0, 0, 4, 0, 0),
(590, 110, 11, 5, 1, 1, 77, 'PL', 0, 0, 0, 0, 2, 0, 0),
(591, 110, 11, 5, 1, 1, 162, 'S', 0, 0, 0, 0, 2, 0, 0),
(592, 208, 11, 5, 18, 1, 173, 'P', 0, 0, 0, 0, 3, 0, 0),
(593, 35, 11, 5, 18, 1, 105, 'P', 0, 0, 0, 0, 2, 0, 0),
(594, 157, 11, 5, 18, 1, 28, 'P', 0, 0, 0, 0, 2, 0, 0),
(595, 191, 11, 5, 18, 1, 140, 'P', 0, 0, 0, 0, 2, 0, 0),
(596, 153, 11, 5, 18, 1, 20, 'P', 0, 0, 0, 0, 2, 0, 0),
(597, 163, 11, 5, 18, 1, 180, 'P', 0, 0, 0, 0, 2, 0, 0),
(598, 37, 11, 5, 18, 1, 162, 'P', 0, 0, 0, 0, 4, 0, 0),
(599, 37, 11, 5, 18, 1, 227, 'P', 0, 0, 0, 0, 4, 0, 0),
(600, 185, 11, 5, 18, 1, 226, 'P', 0, 0, 0, 0, 3, 0, 0),
(601, 184, 11, 5, 18, 1, 89, 'P', 0, 0, 0, 0, 3, 0, 0),
(602, 110, 11, 5, 18, 1, 188, 'P', 0, 0, 0, 0, 4, 0, 0),
(603, 110, 11, 5, 18, 1, 77, 'P', 0, 0, 0, 0, 4, 0, 0),
(604, 150, 11, 5, 3, 1, 160, 'P', 0, 0, 0, 0, 2, 0, 0),
(605, 158, 11, 5, 3, 1, 20, 'P', 0, 0, 0, 0, 2, 0, 0),
(606, 219, 11, 5, 3, 1, 32, 'P', 0, 0, 0, 0, 2, 0, 0),
(607, 201, 11, 5, 3, 1, 164, 'P', 0, 0, 0, 0, 2, 0, 0),
(608, 172, 11, 5, 3, 1, 92, 'P', 0, 0, 0, 0, 3, 0, 0),
(609, 44, 11, 5, 3, 1, 35, 'P', 0, 0, 0, 0, 2, 0, 0),
(610, 183, 11, 5, 3, 1, 102, 'P', 0, 0, 0, 0, 2, 0, 0),
(611, 137, 11, 5, 3, 1, 20, 'P', 0, 0, 0, 0, 2, 0, 0),
(612, 196, 11, 5, 3, 1, 49, 'P', 0, 0, 0, 0, 2, 0, 0),
(613, 171, 11, 5, 3, 1, 203, 'P', 0, 0, 0, 0, 3, 0, 0),
(614, 42, 11, 5, 3, 1, 202, 'P', 0, 0, 0, 0, 4, 0, 0),
(615, 42, 11, 5, 3, 1, 32, 'P', 0, 0, 0, 0, 4, 0, 0),
(616, 111, 11, 5, 3, 1, 228, 'P', 0, 0, 0, 0, 4, 0, 0),
(617, 111, 11, 5, 3, 1, 229, 'P', 0, 0, 0, 0, 4, 0, 0),
(618, 163, 11, 5, 2, 2, 77, 'P', 0, 0, 0, 0, 2, 0, 0),
(619, 184, 11, 5, 2, 2, 202, 'P', 0, 0, 0, 0, 3, 0, 0),
(620, 37, 11, 5, 2, 2, 105, 'P', 0, 0, 0, 0, 4, 0, 0),
(621, 37, 11, 5, 2, 2, 226, 'P', 0, 0, 0, 0, 4, 0, 0),
(622, 110, 11, 5, 2, 2, 230, 'P', 0, 0, 0, 0, 4, 0, 0),
(623, 110, 11, 5, 2, 2, 179, 'P', 0, 0, 0, 0, 4, 0, 0),
(624, 35, 11, 5, 2, 2, 52, 'PL', 0, 0, 0, 0, 2, 0, 0),
(625, 35, 11, 5, 2, 2, 231, 'S', 0, 0, 0, 0, 2, 0, 0),
(626, 157, 11, 5, 2, 2, 21, 'P', 0, 0, 0, 0, 2, 0, 0),
(627, 185, 11, 5, 2, 2, 144, 'P', 0, 0, 0, 0, 3, 0, 0),
(628, 191, 11, 5, 2, 2, 3, 'P', 0, 0, 0, 0, 2, 0, 0),
(629, 153, 11, 5, 2, 2, 93, 'P', 0, 0, 0, 0, 2, 0, 0),
(630, 208, 11, 5, 2, 2, 232, 'P', 0, 0, 0, 0, 3, 0, 0),
(631, 44, 11, 5, 13, 2, 20, 'P', 0, 0, 0, 0, 2, 0, 0),
(632, 219, 11, 5, 13, 2, 32, 'PL', 0, 0, 0, 0, 2, 0, 0),
(633, 150, 11, 5, 13, 2, 161, 'P', 0, 0, 0, 0, 1, 0, 0),
(634, 220, 11, 5, 13, 2, 89, 'P', 0, 0, 0, 0, 2, 0, 0),
(635, 201, 11, 5, 13, 2, 164, 'P', 0, 0, 0, 0, 2, 0, 0),
(636, 221, 11, 5, 13, 2, 179, 'P', 0, 0, 0, 0, 3, 0, 0),
(637, 137, 11, 5, 13, 2, 20, 'P', 0, 0, 0, 0, 2, 0, 0),
(638, 222, 11, 5, 13, 2, 179, 'P', 0, 0, 0, 0, 2, 0, 0),
(639, 223, 11, 5, 13, 2, 203, 'P', 0, 0, 0, 0, 3, 0, 0),
(640, 196, 11, 5, 13, 2, 49, 'P', 0, 0, 0, 0, 2, 0, 0),
(641, 42, 11, 5, 13, 2, 198, 'P', 0, 0, 0, 0, 4, 0, 0),
(642, 42, 11, 5, 13, 2, 202, 'P', 0, 0, 0, 0, 4, 0, 0),
(643, 111, 11, 5, 13, 2, 228, 'P', 0, 0, 0, 0, 4, 0, 0),
(644, 111, 11, 5, 13, 2, 229, 'P', 0, 0, 0, 0, 4, 0, 0),
(645, 208, 11, 5, 5, 3, 173, 'P', 0, 0, 0, 0, 3, 0, 0),
(646, 163, 11, 5, 5, 3, 233, 'P', 0, 0, 0, 0, 2, 0, 0),
(647, 157, 11, 5, 5, 3, 28, 'P', 0, 0, 0, 0, 2, 0, 0),
(648, 184, 11, 5, 5, 3, 207, 'P', 0, 0, 0, 0, 3, 0, 0),
(649, 191, 11, 5, 5, 3, 3, 'P', 0, 0, 0, 0, 2, 0, 0),
(650, 185, 11, 5, 5, 3, 144, 'P', 0, 0, 0, 0, 3, 0, 0),
(651, 153, 11, 5, 5, 3, 172, 'P', 0, 0, 0, 0, 2, 0, 0),
(652, 35, 11, 5, 5, 3, 201, 'PL', 0, 0, 0, 0, 2, 0, 0),
(653, 35, 11, 5, 5, 3, 171, 'S', 0, 0, 0, 0, 2, 0, 0),
(654, 37, 11, 5, 5, 3, 234, 'P', 0, 0, 0, 0, 4, 0, 0),
(655, 37, 11, 5, 5, 3, 230, 'P', 0, 0, 0, 0, 4, 0, 0),
(656, 110, 11, 5, 5, 3, 162, 'P', 0, 0, 0, 0, 4, 0, 0),
(657, 110, 11, 5, 5, 3, 179, 'P', 0, 0, 0, 0, 4, 0, 0),
(658, 157, 11, 5, 8, 3, 28, 'P', 0, 0, 0, 0, 2, 0, 0),
(659, 185, 11, 5, 8, 3, 226, 'P', 0, 0, 0, 0, 3, 0, 0),
(660, 153, 11, 5, 8, 3, 93, 'P', 0, 0, 0, 0, 2, 0, 0),
(661, 191, 11, 5, 8, 3, 206, 'P', 0, 0, 0, 0, 2, 0, 0),
(662, 35, 11, 5, 8, 3, 235, 'P', 0, 0, 0, 0, 2, 0, 0),
(663, 208, 11, 5, 8, 3, 173, 'P', 0, 0, 0, 0, 3, 0, 0),
(664, 184, 11, 5, 8, 3, 202, 'P', 0, 0, 0, 0, 3, 0, 0),
(665, 163, 11, 5, 8, 3, 180, 'P', 0, 0, 0, 0, 2, 0, 0),
(666, 37, 11, 5, 8, 3, 53, 'P', 0, 0, 0, 0, 4, 0, 0),
(667, 37, 11, 5, 8, 3, 226, 'P', 0, 0, 0, 0, 4, 0, 0),
(668, 110, 11, 5, 8, 3, 162, 'P', 0, 0, 0, 0, 4, 0, 0),
(669, 110, 11, 5, 8, 3, 230, 'P', 0, 0, 0, 0, 4, 0, 0),
(670, 219, 11, 5, 14, 3, 32, 'PL', 0, 0, 0, 0, 2, 0, 0),
(671, 44, 11, 5, 14, 3, 20, 'P', 0, 0, 0, 0, 2, 0, 0),
(672, 220, 11, 5, 14, 3, 140, 'P', 0, 0, 0, 0, 2, 0, 0),
(673, 201, 11, 5, 14, 3, 164, 'P', 0, 0, 0, 0, 2, 0, 0),
(674, 196, 11, 5, 14, 3, 49, 'P', 0, 0, 0, 0, 2, 0, 0),
(675, 150, 11, 5, 14, 3, 161, 'P', 0, 0, 0, 0, 1, 0, 0),
(676, 222, 11, 5, 14, 3, 204, 'P', 0, 0, 0, 0, 2, 0, 0),
(677, 223, 11, 5, 14, 3, 236, 'P', 0, 0, 0, 0, 3, 0, 0),
(678, 137, 11, 5, 14, 3, 20, 'P', 0, 0, 0, 0, 2, 0, 0),
(679, 221, 11, 5, 14, 3, 179, 'P', 0, 0, 0, 0, 3, 0, 0),
(680, 42, 11, 5, 14, 3, 202, 'P', 0, 0, 0, 0, 2, 0, 0),
(681, 42, 11, 5, 14, 3, 198, 'P', 0, 0, 0, 0, 2, 0, 0),
(682, 111, 11, 5, 14, 3, 228, 'P', 0, 0, 0, 0, 2, 0, 0),
(683, 111, 11, 5, 14, 3, 229, 'P', 0, 0, 0, 0, 2, 0, 0);

-- --------------------------------------------------------

--
-- Estructura de tabla para la tabla `profesores`
--

CREATE TABLE `profesores` (
  `profesor_id` int(11) NOT NULL,
  `profesor_nombre` varchar(60) DEFAULT NULL,
  `profesor_apellido` varchar(60) DEFAULT NULL,
  `profesor_dni` int(8) DEFAULT NULL,
  `profesor_email` varchar(120) DEFAULT NULL,
  `profesor_telefono` varchar(25) DEFAULT NULL,
  `profesor_direccion` varchar(60) DEFAULT NULL,
  `profesor_activo` tinyint(1) DEFAULT NULL
) ENGINE=InnoDB DEFAULT CHARSET=utf8mb4 COLLATE=utf8mb4_general_ci;

--
-- Volcado de datos para la tabla `profesores`
--

INSERT INTO `profesores` (`profesor_id`, `profesor_nombre`, `profesor_apellido`, `profesor_dni`, `profesor_email`, `profesor_telefono`, `profesor_direccion`, `profesor_activo`) VALUES
(1, 'Alejandra', 'Pérez', 1, 'profPérez@gmail.com', '+541143880864', 'Pasaje Crámer 471', 1),
(2, 'Claudio', 'Adan', 2, 'profAdan@gmail.com', '+541143880864', 'Pasaje Crámer 471', 1),
(3, 'Juan', 'Osamendia', 3, 'profOsamendia@gmail.com', '+541143880864', 'Pasaje Crámer 471', 1),
(4, 'Melina', 'Lucero', 4, 'profLucero@gmail.com', '+541143880864', 'Pasaje Crámer 471', 1),
(5, 'Graciana', 'Roldan', 5, 'profRoldan@gmail.com', '+541143880864', 'Pasaje Crámer 471', 1),
(6, 'Alejandro', 'De Andreis', 6, 'profDe Andreis@gmail.com', '+541143880864', 'Pasaje Crámer 471', 1),
(7, 'Verónica', 'Micheltorena', 7, 'profMicheltorena@gmail.com', '+541143880864', 'Pasaje Crámer 471', 1),
(8, 'Gabriela', 'Pugliese', 8, 'profPugliese@gmail.com', '+541143880864', 'Pasaje Crámer 471', 1),
(9, 'Miguel', 'Martinez', 9, 'profMartinez@gmail.com', '+541143880864', 'Pasaje Crámer 471', 1),
(10, 'Paula', 'Giaimo', 10, 'profGiaimo@gmail.com', '+541143880864', 'Pasaje Crámer 471', 1),
(11, 'Angélica', 'Zozula', 11, 'profZozula@gmail.com', '+541143880864', 'Pasaje Crámer 471', 1),
(12, 'Norberto', 'Cascelli', 12, 'profCascelli@gmail.com', '+541143880864', 'Pasaje Crámer 471', 1),
(13, 'Ramiro', 'Villar', 13, 'profVillar@gmail.com', '+541143880864', 'Pasaje Crámer 471', 1),
(14, 'Diego', 'Pacini', 14, 'profPacini@gmail.com', '+541143880864', 'Pasaje Crámer 471', 1),
(15, 'Luis', 'Pereyra', 15, 'lpereyra@gmail.com', '+541143880864', 'Pasaje Crámer 471', 1),
(16, 'Juan', 'Pellegrini', 16, 'profPellegrini@gmail.com', '+541143880864', 'Pasaje Crámer 471', 1),
(17, 'Alicia', 'Ferreira', 17, 'profFerreira@gmail.com', '+541143880864', 'Pasaje Crámer 471', 1),
(18, 'Diego', 'Klehr', 18, 'profKlehr@gmail.com', '+541143880864', 'Pasaje Crámer 471', 1),
(19, 'Walter', 'Vilches', 19, 'profVilches@gmail.com', '+541143880864', 'Pasaje Crámer 471', 1),
(20, 'Vacante', 'Vacante', 20, 'profVacante@gmail.com', '+541143880864', 'Pasaje Crámer 471', 1),
(21, 'Walter', 'Muscolo', 21, 'profMuscolo@gmail.com', '+541143880864', 'Pasaje Crámer 471', 1),
(22, 'Claudia', 'Orsi', 22, 'profOrsi@gmail.com', '+541143880864', 'Pasaje Crámer 471', 1),
(23, 'Prof', 'Higa', 23, 'profHiga@gmail.com', '+541143880864', 'Pasaje Crámer 471', 1),
(24, 'Prof', 'Arijón', 24, 'profArijón@gmail.com', '+541143880864', 'Pasaje Crámer 471', 1),
(25, 'Prof', 'Rivera', 25, 'profRivera@gmail.com', '+541143880864', 'Pasaje Crámer 471', 1),
(26, 'Marianella', 'Vilches', 26, 'profVilches@gmail.com', '+541143880864', 'Pasaje Crámer 471', 1),
(27, 'Prof', 'Morales', 27, 'profMorales@gmail.com', '+541143880864', 'Pasaje Crámer 471', 1),
(28, 'Fabian', 'Perino', 28, 'FPerino@gmail.com', '+541143880864', 'Pasaje Crámer 471', 1),
(29, 'Prof', 'Agustine', 29, 'profAgustine@gmail.com', '+541143880864', 'Pasaje Crámer 471', 1),
(30, 'Prof', 'Piperno', 30, 'profPiperno@gmail.com', '+541143880864', 'Pasaje Crámer 471', 1),
(31, 'Dalla', 'Pozza', 31, 'profDallaPozza@gmail.comd', '+541143880864', 'Pasaje Crámer 471', 1),
(32, 'Allona', 'Lobisch', 32, 'profLobischAllona@gmail.com', '+541143880864', 'Pasaje Crámer 471', 1),
(33, 'Prof', 'Tarantino', 33, 'profTarantino@gmail.com', '+541143880864', 'Pasaje Crámer 471', 1),
(34, 'Prof', 'Giussani', 34, 'profGiussani@gmail.com', '+541143880864', 'Pasaje Crámer 471', 1),
(35, 'Silvia', 'Pariani', 35, 'profPariani@gmail.com', '+541143880864', 'Pasaje Crámer 471', 1),
(36, 'Prof', 'Aquino', 36, 'profAquino@gmail.com', '+541143880864', 'Pasaje Crámer 471', 1),
(37, 'Prof', 'Bowley', 37, 'profBowley@gmail.com', '+541143880864', 'Pasaje Crámer 471', 1),
(38, 'Prof', 'Torales', 38, 'profTorales@gmail.com', '+541143880864', 'Pasaje Crámer 471', 1),
(39, 'Rosario', 'Senones', 39, 'profSenones@gmail.com', '+541143880864', 'Pasaje Crámer 471', 1),
(40, 'Prof', 'Pérez', 40, 'profPérez@gmail.com', '+541143880864', 'Pasaje Crámer 471', 1),
(41, 'Prof', 'Luna ', 41, 'profLuna @gmail.com', '+541143880864', 'Pasaje Crámer 471', 1),
(42, 'Prof', 'Martinez', 42, 'profMartinez@gmail.com', '+541143880864', 'Pasaje Crámer 471', 1),
(43, 'Prof', 'Lorences', 43, 'profLorences@gmail.com', '+541143880864', 'Pasaje Crámer 471', 1),
(44, 'Prof', 'Cañete', 44, 'profCañete@gmail.com', '+541143880864', 'Pasaje Crámer 471', 1),
(45, 'Prof', 'Ciarlantini', 45, 'profCiarlantini@gmail.com', '+541143880864', 'Pasaje Crámer 471', 1),
(46, 'Prof', 'Citatti', 46, 'profCitati@gmail.com', '+541143880864', 'Pasaje Crámer 471', 1),
(47, 'Prof', 'Pastoriza', 47, 'profPastoriza@gmail.com', '+541143880864', 'Pasaje Crámer 471', 1),
(48, 'Prof', 'Pizano', 48, 'profPizano@gmail.com', '+541143880864', 'Pasaje Crámer 471', 1),
(49, 'Mariano', 'Gaudio', 49, 'profGaudio@gmail.com', '+541143880864', 'Pasaje Crámer 471', 1),
(50, 'Prof', 'Crevatin', 50, 'profCrevatin@gmail.com', '+541143880864', 'Pasaje Crámer 471', 1),
(51, 'Prof', 'Bello', 51, 'profBello@gmail.com', '+541143880864', 'Pasaje Crámer 471', 1),
(52, 'Prof', 'Chavez', 52, 'profChavez@gmail.com', '+541143880864', 'Pasaje Crámer 471', 1),
(53, 'Prof', 'Silvegio', 53, 'profSilvegio@gmail.com', '+541143880864', 'Pasaje Crámer 471', 1),
(54, 'Maria Sol', 'Gaudiano', 54, 'profGaudiano@gmail.com', '+541143880864', 'Pasaje Crámer 471', 1),
(55, 'Prof', 'Moina', 55, 'profMoina@gmail.com', '+541143880864', 'Pasaje Crámer 471', 1),
(56, 'Maria Victoria', 'Gala', 56, 'profGala@gmail.com', '+541143880864', 'Pasaje Crámer 471', 1),
(57, 'Prof', 'Fabre', 57, 'profFabre@gmail.com', '+541143880864', 'Pasaje Crámer 471', 1),
(58, 'Prof', 'Finvard', 58, 'profFinvard@gmail.com', '+541143880864', 'Pasaje Crámer 471', 1),
(59, 'Graciela', 'Correa', 59, 'profCorrea@gmail.com', '+541143880864', 'Pasaje Crámer 471', 1),
(60, 'Prof', 'Araujo', 60, 'profAraujo@gmail.com', '+541143880864', 'Pasaje Crámer 471', 1),
(61, 'Prof', 'Bertoia', 61, 'profBertoia@gmail.com', '+541143880864', 'Pasaje Crámer 471', 1),
(62, 'Prof', 'Sosa', 62, 'profSosa@gmail.com', '+541143880864', 'Pasaje Crámer 471', 1),
(63, 'Guillermo', 'Ivarra', 63, 'profIvarra@gmail.com', '+541143880864', 'Pasaje Crámer 471', 1),
(64, 'Prof', 'Compiano', 64, 'profCompiano@gmail.com', '+541143880864', 'Pasaje Crámer 471', 1),
(65, 'Prof', 'Hawresz', 65, 'profHawresz@gmail.com', '+541143880864', 'Pasaje Crámer 471', 1),
(66, 'Prof', 'Gómez', 66, 'profGómez@gmail.com', '+541143880864', 'Pasaje Crámer 471', 1),
(67, 'Valeria', 'Del Re', 67, 'profDelRe@gmail.com', '+541143880864', 'Pasaje Crámer 471', 1),
(68, 'Prof', 'Helver', 68, 'profHelver@gmail.com', '+541143880864', 'Pasaje Crámer 471', 1),
(69, 'Mónica', 'Erbetta', 69, 'profErbetta@gmail.com', '+541143880864', 'Pasaje Crámer 471', 1),
(70, 'Viviana', 'Camacho', 70, 'profCamacho@gmail.com', '+541143880864', 'Pasaje Crámer 471', 1),
(71, 'Cristián', 'Ramirez', 71, 'profRamirez@gmail.com', '+541143880864', 'Pasaje Crámer 471', 1),
(72, 'Norali', 'Boulan', 72, 'profBoulan@gmail.com', '+541143880864', 'Pasaje Crámer 471', 1),
(73, 'Nadia', 'Czmuch Moyano', 73, 'profCzmuch Moyano@gmail.com', '+541143880864', 'Pasaje Crámer 471', 1),
(74, 'M.', 'Joghems', 74, 'profJoghems@gmail.com', '+541143880864', 'Pasaje Crámer 471', 1),
(75, 'S.', 'Espinoza', 75, 'profFaudaEspinoza@gmail.com', '+541143880864', 'Pasaje Crámer 471', 1),
(76, 'Mónica', 'Cristiani', 76, 'profCristiani@gmail.com', '+541143880864', 'Pasaje Crámer 471', 1),
(77, 'Yohana', 'Isaguirre', 77, 'profIsaguirre@gmail.com', '+541143880864', 'Pasaje Crámer 471', 1),
(78, 'A.', 'Romano', 78, 'profRomano@gmail.com', '+541143880864', 'Pasaje Crámer 471', 1),
(79, 'Paula', 'Benitez', 79, 'profBenitez@gmail.com', '+541143880864', 'Pasaje Crámer 471', 1),
(80, 'M.', 'Garbarini', 80, 'profGarbarini@gmail.com', '+541143880864', 'Pasaje Crámer 471', 1),
(81, 'B.', 'Tisera', 81, 'profTisera@gmail.com', '+541143880864', 'Pasaje Crámer 471', 1),
(82, 'R.', 'García', 82, 'profGarcía@gmail.com', '+541143880864', 'Pasaje Crámer 471', 1),
(83, 'Marcela', 'Campagno', 83, 'profCampagno@gmail.com', '+541143880864', 'Pasaje Crámer 471', 1),
(84, 'C.', 'Biocca', 84, 'profBiocca@gmail.com', '+541143880864', 'Pasaje Crámer 471', 1),
(85, 'Leonel', 'Galeppi', 85, 'profGaleppi@gmail.com', '+541143880864', 'Pasaje Crámer 471', 1),
(86, 'Roxana', 'Garcia', 86, 'profGarcia@gmail.com', '+541143880864', 'Pasaje Crámer 471', 1),
(87, 'Néstor', 'Manchini', 87, 'profManchini@gmail.com', '+541143880864', 'Pasaje Crámer 471', 1),
(88, 'Liliana', 'Colavolpe', 88, 'profColavolpe@gmail.com', '+541143880864', 'Pasaje Crámer 471', 1),
(89, 'Paula', 'Lanzillota', 89, 'profLanzillola@gmail.com', '+541143880864', 'Pasaje Crámer 471', 1),
(90, 'Sara', 'Pietro', 90, 'profPietro@gmail.com', '+541143880864', 'Pasaje Crámer 471', 1),
(91, 'A.', 'Defago', 91, 'profDefago@gmail.com', '+541143880864', 'Pasaje Crámer 471', 1),
(92, 'Carina', 'Mendelevich', 92, 'profMendelevich@gmail.com', '+541143880864', 'Pasaje Crámer 471', 1),
(93, 'Florencia', 'Serpentini', 93, 'profSerpentini@gmail.com', '+541143880864', 'Pasaje Crámer 471', 1),
(94, 'María Marta', 'Macaudier', 94, 'profMacaudier@gmail.com', '+541143880864', 'Pasaje Crámer 471', 1),
(95, 'Eliana', 'Mariano', 95, 'profMariano@gmail.com', '+541143880864', 'Pasaje Crámer 471', 1),
(96, 'Pablo', 'Benitez', 96, 'profBenitez@gmail.com', '+541143880864', 'Pasaje Crámer 471', 1),
(97, 'Maria Inés', 'Haterfield', 97, 'profHaterfield@gmail.com', '+541143880864', 'Pasaje Crámer 471', 1),
(98, 'Andrea', 'Lucarelli', 98, 'profLucarelli@gmail.com', '+541143880864', 'Pasaje Crámer 471', 1),
(99, 'C.', 'Irusta', 99, 'profIrusta@gmail.com', '+541143880864', 'Pasaje Crámer 471', 1),
(100, 'Nancy', 'Manchenik', 100, 'profManchenik@gmail.com', '+541143880864', 'Pasaje Crámer 471', 1),
(101, 'Héctor', 'Oviedo', 101, 'profOviedo@gmail.com', '+541143880864', 'Pasaje Crámer 471', 1),
(102, 'B.', 'Dodero', 102, 'profDodero@gmail.com', '+541143880864', 'Pasaje Crámer 471', 1),
(103, 'Antonella', 'Trimari', 103, 'profTrimari@gmail.com', '+541143880864', 'Pasaje Crámer 471', 1),
(104, 'Lorena', 'Rodriguez', 104, 'profRodriguez@gmail.com', '+541143880864', 'Pasaje Crámer 471', 1),
(105, 'Tobías', 'Corro Molas', 105, 'profCorro Molas@gmail.com', '+541143880864', 'Pasaje Crámer 471', 1),
(106, 'Lucia', 'Fauda', 106, 'profLuciaFauda@gmail.com', '+541143880864', 'Pasaje Crámer 471', 1),
(107, 'C.', 'Ybañes', 107, 'ybanies@gmail.com', '+541143880864', 'Pasaje Crámer 471', 1),
(108, 'Rita Cintia', 'Rodrigues', 108, 'cintiarodrigues@gmai.com', '+541143880864', 'Pasaje Crámer 471', 1),
(109, 'Karina', 'Briasco', 109, 'kbriasco@gmail.com', '+541143880864', 'Pasaje Crámer 471', 1),
(110, 'Andrea', 'Lopez', 110, 'andrealopez@gmail.com', '+541143880864', 'Pasaje Crámer 471', 1),
(111, 'Matías', 'Padellaro', 111, 'mpadellaro@gmail.com', '+541143880864', 'Pasaje Crámer 471', 1),
(112, 'Néstor', 'Komarniki', 112, 'nkomarniki@gmail.com', '+541143880864', 'Pasaje Crámer 471', 1),
(113, 'Adrían', 'Baccaro', 113, 'abaccaro@gmail.com', '+541143880864', 'Pasaje Crámer 471', 1),
(114, 'C.', 'Casariego', 114, 'ccasariego@gmail.com', '+541143880864', 'Pasaje Crámer 471', 1),
(115, 'Adela', 'Carullo', 115, 'acarullo@gmail.com', '+541143880864', 'Pasaje Crámer 471', 1),
(116, 'Marcela', 'Velazquez', 116, 'mvelazquez@gmail.com', '+541143880864', 'Pasaje Crámer 471', 1),
(117, 'Prof', 'Graziani', 117, 'profgraziani@gmail.com', '+541143880864', 'Pasaje Crámer 471', 1),
(118, 'Prof', 'Lugo', 118, 'proflugo@gmail.com', '+541143880864', 'Pasaje Crámer 471', 1),
(119, 'Luciana', 'Laterza', 119, 'llaterza@gmail.com', '+541143880864', 'Pasaje Crámer 471', 1),
(120, 'Marcos', 'Araya', 120, 'maraya@gmal.com', '+541143880864', 'Pasaje Crámer 471', 1),
(121, 'Eduardo', 'Hourcade', 121, 'ehourcade@gmail.com', '+541143880864', 'Pasaje Crámer 471', 1),
(122, 'Roxana', 'Haritzhandy', 122, 'RHaritzhandy@gmail.com', '+541143880864', 'Pasaje Crámer 471', 1),
(123, 'Lidia', 'Castineiras', 123, 'lcastinieiras@gmail.com', '+541143880864', 'Pasaje Crámer 471', 1),
(124, 'Clara', 'Fiori', 124, 'cfiori@gmail.com', '+541143880864', 'Pasaje Crámer 471', 1),
(125, 'M', 'Suffia', 125, 'msuffia@gmail.com', '+541143880864', 'Pasaje Crámer 471', 1),
(126, 'Eleonora', 'Orengo', 126, 'eorengo@gmail.com', '+541143880864', 'Pasaje Crámer 471', 1),
(127, 'Silvina', 'Pastrovichio', 127, 'spastrovichio@gmail.com', '+541143880864', 'Pasaje Crámer 471', 1),
(128, 'G', 'Saslavsky', 128, 'gsaslavsky@gmail.com', '+541143880864', 'Pasaje Crámer 471', 1),
(129, 'Ana', 'Monteleone', 129, 'amonteleone@gmail.com', '+541143880864', 'Pasaje Crámer 471', 1),
(130, 'Romina', 'Mendizabal', 130, 'rmendizabal@gmail.com', '+541143880864', 'Pasaje Crámer 471', 1),
(131, 'Paola', 'Piscopo', 131, 'ppscopo@gmail.com', '+541143880864', 'Pasaje Crámer 471', 1),
(132, 'Monica', 'Enrico', 132, 'menrico@gmail.com', '+541143880864', 'Pasaje Crámer 471', 1),
(133, 'Javier', 'Pascua', 133, 'jpascua@gmail.com', '+541143880864', 'Pasaje Crámer 471', 1),
(134, 'Natalia', 'Segura', 134, 'nsegura@gmail.com', '+541143880864', 'Pasaje Crámer 471', 1),
(135, 'Alicia', 'Almiron', 135, 'aalimiron@gmail.com', '+541143880864', 'Pasaje Crámer 471', 1),
(136, 'Felicia', 'Allona', 136, 'fallona@gmailc.com', '+541143880864', 'Pasaje Crámer 471', 1),
(137, 'Nerina', 'Romero Mascaró', 137, 'nromeromascaro@gmail.com', '+541143880864', 'Pasaje Crámer 471', 1),
(138, 'Graciela', 'Castro', 138, 'gcastro@gmail.com', '+541143880864', 'Pasaje Crámer 471', 1),
(139, 'Jorge', 'Aloy', 139, 'jaloy@gmail.com', '+541143880864', 'Pasaje Crámer 471', 1),
(140, 'Agustin', 'Vilanova', 140, 'avilanova@gmail.com', '+541143880864', 'Pasaje Crámer 471', 1),
(141, 'Susana', 'Tarzibachi', 141, 'srazibachi@gmail.com', '+541143880864', 'Pasaje Crámer 471', 1),
(142, 'Graciela', 'Geneo', 142, 'ggenio@gmail.com', '+541143880864', 'Pasaje Crámer 471', 1),
(143, 'Valeria', 'Gaitan', 143, 'vgaitan@gmail.com', '+541143880864', 'Pasaje Crámer 471', 1),
(144, 'Silvina', 'Viñas', 144, 'svinias@gmail.com', '+541143880864', 'Pasaje Crámer 471', 1),
(145, 'Adriana', 'Goyochea', 145, 'agoyochea@gmail.com', '+541143880864', 'Pasaje Crámer 471', 1),
(146, 'Victoria', 'Moreno', 146, 'vmoreno@gmail.com', '+541143880864', 'Pasaje Crámer 471', 1),
(147, 'Prof', 'Reynoso', 147, 'profreynoso@gmail.com', '+541143880864', 'Pasaje Crámer 471', 1),
(148, 'Jorge', 'Moreno', 148, 'jmoreno@gmail.com', '+541143880864', 'Pasaje Crámer 471', 1),
(149, 'Soledad', 'Frias Ocampo', 149, 'sfriasocampo@gmail.com', '+541143880864', 'Pasaje Crámer 471', 1),
(150, 'Rosana', 'Scialabba', 150, 'rscialabba@gmail.com', '+541143880864', 'Pasaje Crámer 471', 1),
(151, 'Prof', 'Lopes', 151, 'lopes@gmail.com', '+541143880864', 'Pasaje Crámer 471', 1),
(152, 'Gabriela', 'Cortés', 152, 'gcortes@gmail.com', '+541143880864', 'Pasaje Crámer 471', 1),
(153, 'Andrea', 'Bellini', 153, 'abellini@gmail.com', '+541143880864', 'Pasaje Crámer 471', 1),
(154, 'Mirian', 'Aguerrido', 154, 'maguerrido@gmail.com', '+541143880864', 'Pasaje Crámer 471', 1),
(155, 'Nicolás', 'Turco', 155, 'nturco@gmail.com', '+541143880864', 'Pasaje Crámer 471', 1),
(156, 'R', 'Acosta', 156, 'prof@gmail.com', '+541143880864', 'Pasaje Crámer 471', 1),
(157, 'Eugenia', 'Aguirre', 157, 'prof@gmail.com', '+541143880864', 'Pasaje Crámer 471', 1),
(158, 'Fernando', 'Agnelli', 158, 'prof@gmail.com', '+541143880864', 'Pasaje Crámer 471', 1),
(159, 'Prof', 'Agustine', 159, 'prof@gmail.com', '+541143880864', 'Pasaje Crámer 471', 1),
(160, 'Prof', 'Alé', 160, 'prof@gmail.com', '+541143880864', 'Pasaje Crámer 471', 1),
(161, 'Prof', 'Amato', 161, 'prof@gmail.com', '+541143880864', 'Pasaje Crámer 471', 1),
(162, 'Prof', 'Andreoli', 162, 'prof@gmail.com', '+541143880864', 'Pasaje Crámer 471', 1),
(163, 'Prof', 'Arias', 163, 'prof@gmail.com', '+541143880864', 'Pasaje Crámer 471', 1),
(164, 'E', 'Audine', 164, 'prof@gmail.com', '+541143880864', 'Pasaje Crámer 471', 1),
(165, 'Prof', 'Aversa', 165, 'prof@gmail.com', '+541143880864', 'Pasaje Crámer 471', 1),
(166, 'Prof', 'Bartolotta', 166, 'prof@gmail.com', '+541143880864', 'Pasaje Crámer 471', 1),
(167, 'Prof', 'Bender', 167, 'prof@gmail.com', '+541143880864', 'Pasaje Crámer 471', 1),
(168, 'Prof', 'Benitez', 168, 'prof@gmail.com', '+541143880864', 'Pasaje Crámer 471', 1),
(169, 'Prof', 'Busto', 169, 'prof@gmail.com', '+541143880864', 'Pasaje Crámer 471', 1),
(170, 'Prof', 'Calabrese', 170, 'prof@gmail.com', '+541143880864', 'Pasaje Crámer 471', 1),
(171, 'Prof', 'Cevenini', 171, 'prof@gmail.com', '+541143880864', 'Pasaje Crámer 471', 1),
(172, 'Prof', 'Coduto', 172, 'prof@gmail.com', '+541143880864', 'Pasaje Crámer 471', 1),
(173, 'Prof', 'Cruz', 173, 'prof@gmail.com', '+541143880864', 'Pasaje Crámer 471', 1),
(174, 'Prof', 'Dal\'Osso', 174, 'prof@gmail.com', '+541143880864', 'Pasaje Crámer 471', 1),
(175, 'Prof', 'Daha', 175, 'prof@gmail.com', '+541143880864', 'Pasaje Crámer 471', 1),
(176, 'Nestor', 'Del Gesso', 176, 'prof@gmail.com', '+541143880864', 'Pasaje Crámer 471', 1),
(177, 'Prof', 'Drago', 177, 'prof@gmail.com', '+541143880864', 'Pasaje Crámer 471', 1),
(178, 'Prof', 'Deriard', 178, 'prof@gmail.com', '+541143880864', 'Pasaje Crámer 471', 1),
(179, 'Prof', 'Díaz', 179, 'prof@gmail.com', '+541143880864', 'Pasaje Crámer 471', 1),
(180, 'Prof', 'García', 180, 'prof@gmail.com', '+541143880864', 'Pasaje Crámer 471', 1),
(181, 'L', 'Giles', 181, 'prof@gmail.com', '+541143880864', 'Pasaje Crámer 471', 1),
(182, 'Prof', 'González', 182, 'prof@gmail.com', '+541143880864', 'Pasaje Crámer 471', 1),
(183, 'Prof', 'Guzzetti', 183, 'prof@gmail.com', '+541143880864', 'Pasaje Crámer 471', 1),
(184, 'J', 'Gutierrez', 184, 'prof@gmail.com', '+541143880864', 'Pasaje Crámer 471', 1),
(185, 'Prof', 'Jeanneret', 185, 'prof@gmail.com', '+541143880864', 'Pasaje Crámer 471', 1),
(186, 'Prof', 'Landaburu', 186, 'prof@gmail.com', '+541143880864', 'Pasaje Crámer 471', 1),
(187, 'Luciana', 'Laterza', 187, 'prof@gmail.com', '+541143880864', 'Pasaje Crámer 471', 1),
(188, 'Luraghi', 'Lugo', 188, 'prof@gmail.com', '+541143880864', 'Pasaje Crámer 471', 1),
(189, 'Mariano', 'Lugo', 189, 'prof@gmail.com', '+541143880864', 'Pasaje Crámer 471', 1),
(190, 'Prof', 'Lupiañez', 190, 'prof@gmail.com', '+541143880864', 'Pasaje Crámer 471', 1),
(191, 'Prof', 'Mateucci', 191, 'prof@gmail.com', '+541143880864', 'Pasaje Crámer 471', 1),
(192, 'G', 'Montero', 192, 'prof@gmail.com', '+541143880864', 'Pasaje Crámer 471', 1),
(193, 'Prof', 'Nikolak', 193, 'prof@gmail.com', '+541143880864', 'Pasaje Crámer 471', 1),
(194, 'Leonardo', 'Niekraszewicz', 194, 'prof@gmail.com', '+541143880864', 'Pasaje Crámer 471', 1),
(195, 'Prof', 'Perillo', 195, 'prof@gmail.com', '+541143880864', 'Pasaje Crámer 471', 1),
(196, 'Graciela', 'Riva', 196, 'prof@gmail.com', '+541143880864', 'Pasaje Crámer 471', 1),
(197, 'Daniela', 'Rivera', 197, 'prof@gmail.com', '+541143880864', 'Pasaje Crámer 471', 1),
(198, 'Prof', 'Rizzo', 198, 'prof@gmail.com', '+541143880864', 'Pasaje Crámer 471', 1),
(199, 'Prof', 'Rodriguez', 199, 'prof@gmail.com', '+541143880864', 'Pasaje Crámer 471', 1),
(200, 'Gabriel', 'Romero', 200, 'prof@gmail.com', '+541143880864', 'Pasaje Crámer 471', 1),
(201, 'Prof', 'Sapag', 201, 'prof@gmail.com', '+541143880864', 'Pasaje Crámer 471', 1),
(202, 'Prof', 'Sciutto', 202, 'prof@gmail.com', '+541143880864', 'Pasaje Crámer 471', 1),
(203, 'Sergio', 'Benitez', 203, 'prof@gmail.com', '+541143880864', 'Pasaje Crámer 471', 1),
(204, 'Prof', 'Tattoli', 204, 'prof@gmail.com', '+541143880864', 'Pasaje Crámer 471', 1),
(205, 'Prof', 'Teilletche', 205, 'prof@gmail.com', '+541143880864', 'Pasaje Crámer 471', 1),
(206, 'Prof', 'Tineo', 206, 'prof@gmail.com', '+541143880864', 'Pasaje Crámer 471', 1),
(207, 'Prof', 'Viazzi', 207, 'prof@gmail.com', '+541143880864', 'Pasaje Crámer 471', 1),
(208, 'Silvina', 'Ortiz', 208, 'prof@gmail.com', '+541143880864', 'Pasaje Crámer 471', 1),
(209, 'Karina', 'Iorizzo', 209, 'prof@gmail.com', '+541143880864', 'Pasaje Crámer 471', 1),
(210, 'Prof', 'Doulian', 210, 'prof@gmail.com', '+541143880864', 'Pasaje Crámer 471', 1),
(211, 'Prof', 'Bouchard', 211, 'prof@gmail.com', '+541143880864', 'Pasaje Crámer 471', 1),
(212, 'Prof', 'Catramado', 212, 'prof@gmail.com', '+541143880864', 'Pasaje Crámer 471', 1),
(213, 'N', 'Gomez', 213, 'prof@gmail.com', '+541143880864', 'Pasaje Crámer 471', 1),
(214, 'Marcelo', 'Villar', 214, 'prof@gmail.com', '+541143880864', 'Pasaje Crámer 471', 1),
(215, 'Prof', 'Paradiuk', 215, 'prof@gmail.com', '+541143880864', 'Pasaje Crámer 471', 1),
(216, 'G', 'Piedras Ocampo', 216, 'prof@gmail.com', '+541143880864', 'Pasaje Crámer 471', 1),
(217, 'Caterina', 'Regueira', 217, 'prof@gmail.com', '+541143880864', 'Pasaje Crámer 471', 1),
(218, 'Diego', 'Gomez', 218, 'prof@gmail.com', '+541143880864', 'Pasaje Crámer 471', 1),
(219, 'Yanina', 'Martinez', 219, 'prof@gmail.com', '+541143880864', 'Pasaje Crámer 471', 1),
(220, 'Martín', 'Santacaterina', 220, 'prof@gmail.com', '+541143880864', 'Pasaje Crámer 471', 1),
(221, 'Prof', 'Gundin', 221, 'prof@gmail.com', '+541143880864', 'Pasaje Crámer 471', 1),
(222, 'Prof', 'Zbrum', 223, 'prof@gmail.com', '+541143880864', 'Pasaje Crámer 471', 1),
(223, 'Natalia', 'Ramirez', 224, 'prof@gmail.com', '+541143880864', 'Pasaje Crámer 471', 1),
(224, 'G', 'Santaya', 225, 'prof@gmail.com', '+541143880864', 'Pasaje Crámer 471', 1),
(225, 'Prof', 'Pereira', 226, 'prof@gmail.com', '+541143880864', 'Pasaje Crámer 471', 1),
(226, 'Prof', 'Viñas', 227, 'prof@gmail.com', '+541143880864', 'Pasaje Crámer 471', 1),
(227, 'V', 'Escobar', 228, 'prof@gmail.com', '+541143880864', 'Pasaje Crámer 471', 1),
(228, 'Prof', 'Adur', 229, 'prof@gmail.com', '+541143880864', 'Pasaje Crámer 471', 1),
(229, 'Prof', 'Manassali', 230, 'prof@gmail.com', '+541143880864', 'Pasaje Crámer 471', 1),
(230, 'Prof', 'Larrauri', 231, 'prof@gmail.com', '+541143880864', 'Pasaje Crámer 471', 1),
(231, 'L', 'Castro', 232, 'prof@gmail.com', '+541143880864', 'Pasaje Crámer 471', 1),
(232, 'D', 'DiSanto', 233, 'prof@gmail.com', '+541143880864', 'Pasaje Crámer 471', 1),
(233, 'C', 'Mateica', 234, 'prof@gmail.com', '+541143880864', 'Pasaje Crámer 471', 1),
(234, 'Prof', 'Demir', 235, 'prof@gmail.com', '+541143880864', 'Pasaje Crámer 471', 1),
(235, 'Prof', 'Sobrero', 236, 'prof@gmail.com', '+541143880864', 'Pasaje Crámer 471', 1),
(236, 'Prof', 'Merodo', 237, 'prof@gmail.com', '+541143880864', 'Pasaje Crámer 471', 1);

-- --------------------------------------------------------

--
-- Estructura de tabla para la tabla `roles`
--

CREATE TABLE `roles` (
  `rol_id` int(11) NOT NULL,
  `rol_nombre` varchar(30) DEFAULT NULL
) ENGINE=InnoDB DEFAULT CHARSET=utf8mb4 COLLATE=utf8mb4_general_ci;

--
-- Volcado de datos para la tabla `roles`
--

INSERT INTO `roles` (`rol_id`, `rol_nombre`) VALUES
(1, 'Directivo'),
(2, 'Regencia'),
(3, 'Preceptoria'),
(4, 'Secretaria');

-- --------------------------------------------------------

--
-- Estructura de tabla para la tabla `turnos`
--

CREATE TABLE `turnos` (
  `turno_id` int(11) NOT NULL,
  `turno` varchar(15) DEFAULT NULL
) ENGINE=InnoDB DEFAULT CHARSET=utf8mb4 COLLATE=utf8mb4_general_ci;

--
-- Volcado de datos para la tabla `turnos`
--

INSERT INTO `turnos` (`turno_id`, `turno`) VALUES
(1, 'Mañana'),
(2, 'Tarde'),
(3, 'Verpertino');

-- --------------------------------------------------------

--
-- Estructura de tabla para la tabla `usuarios`
--

CREATE TABLE `usuarios` (
  `usuario_id` int(11) NOT NULL,
  `usuario_nombre` varchar(30) DEFAULT NULL,
  `usuario_apellido` varchar(30) DEFAULT NULL,
  `rol_id` int(11) NOT NULL,
  `cargo_id` int(11) DEFAULT NULL,
  `email` varchar(60) DEFAULT NULL,
  `contrasenia` varchar(30) DEFAULT NULL,
  `usuario_suspendido` tinyint(1) DEFAULT NULL,
  `primer_ingreso` tinyint(1) DEFAULT NULL
) ENGINE=InnoDB DEFAULT CHARSET=utf8mb4 COLLATE=utf8mb4_general_ci;

--
-- Volcado de datos para la tabla `usuarios`
--

INSERT INTO `usuarios` (`usuario_id`, `usuario_nombre`, `usuario_apellido`, `rol_id`, `cargo_id`, `email`, `contrasenia`, `usuario_suspendido`, `primer_ingreso`) VALUES
(1, 'Walter', 'Muscolo', 1, 2, 'director@gmail.com', 'wmuscolo', 0, 0),
(2, 'Camila', 'Prec', 3, 2, 'sistemaspreceptoria@gmail.com', 'psistemas', 0, 0),
(3, 'Susana', 'Espinosa', 2, 2, 'regencia@gmail.com', 'rsistemas', 0, 0),
(4, 'Preceptoria', 'Naturales', 3, 5, 'naturalespreceptoria@gmail.com', 'pnaturales', 0, 0),
(5, 'Preceptoria', 'Ingles', 3, 3, 'inglespreceptoria@gmail.com', 'ipreceptoria', 0, 0),
(6, 'Preceptoria', 'Matematica', 3, 4, 'matematicapreceptoria@gmail.com', 'pmatematica', 0, 0),
(7, 'Preceptoria', 'Primaria', 3, 7, 'primariapreceptoria@gmail.com', 'pprimaria', 0, 0),
(8, 'Preceptoria', 'inicial', 3, 6, 'inicialpreceptoria@gmail.com', 'pinicial', 0, 0),
(9, 'Walter', 'Vilches', 1, 2, 'waltervilches@gmail.com', 'wvilches', 0, 0);

--
-- Índices para tablas volcadas
--

--
-- Indices de la tabla `cargos`
--
ALTER TABLE `cargos`
  ADD PRIMARY KEY (`cargo_id`,`carrera_id`,`turno_id`),
  ADD KEY `carrera_id` (`carrera_id`),
  ADD KEY `turno_id` (`turno_id`);

--
-- Indices de la tabla `carreras`
--
ALTER TABLE `carreras`
  ADD PRIMARY KEY (`carrera_id`),
  ADD UNIQUE KEY `carrera_nombre` (`carrera_nombre`);

--
-- Indices de la tabla `ciclo_lectivo`
--
ALTER TABLE `ciclo_lectivo`
  ADD PRIMARY KEY (`ciclo_id`);

--
-- Indices de la tabla `cursos`
--
ALTER TABLE `cursos`
  ADD PRIMARY KEY (`curso_id`);

--
-- Indices de la tabla `materias`
--
ALTER TABLE `materias`
  ADD PRIMARY KEY (`materia_id`);

--
-- Indices de la tabla `materia_carrera`
--
ALTER TABLE `materia_carrera`
  ADD PRIMARY KEY (`materia_carrera_id`,`materia_id`,`ciclo_id`,`carrera_id`,`curso_id`,`turno_id`,`profesor_id`),
  ADD KEY `materia_id` (`materia_id`),
  ADD KEY `carrera_id` (`carrera_id`),
  ADD KEY `ciclo_id` (`ciclo_id`),
  ADD KEY `curso_id` (`curso_id`),
  ADD KEY `turno_id` (`turno_id`),
  ADD KEY `profesor_id` (`profesor_id`);

--
-- Indices de la tabla `profesores`
--
ALTER TABLE `profesores`
  ADD PRIMARY KEY (`profesor_id`),
  ADD UNIQUE KEY `profesor_dni` (`profesor_dni`);

--
-- Indices de la tabla `roles`
--
ALTER TABLE `roles`
  ADD PRIMARY KEY (`rol_id`);

--
-- Indices de la tabla `turnos`
--
ALTER TABLE `turnos`
  ADD PRIMARY KEY (`turno_id`),
  ADD UNIQUE KEY `turno` (`turno`);

--
-- Indices de la tabla `usuarios`
--
ALTER TABLE `usuarios`
  ADD PRIMARY KEY (`usuario_id`,`rol_id`),
  ADD UNIQUE KEY `email` (`email`),
  ADD KEY `rol_id` (`rol_id`),
  ADD KEY `cargo_id` (`cargo_id`);

--
-- AUTO_INCREMENT de las tablas volcadas
--

--
-- AUTO_INCREMENT de la tabla `cargos`
--
ALTER TABLE `cargos`
  MODIFY `cargo_id` int(11) NOT NULL AUTO_INCREMENT, AUTO_INCREMENT=8;

--
-- AUTO_INCREMENT de la tabla `carreras`
--
ALTER TABLE `carreras`
  MODIFY `carrera_id` int(11) NOT NULL AUTO_INCREMENT, AUTO_INCREMENT=12;

--
-- AUTO_INCREMENT de la tabla `ciclo_lectivo`
--
ALTER TABLE `ciclo_lectivo`
  MODIFY `ciclo_id` int(11) NOT NULL AUTO_INCREMENT, AUTO_INCREMENT=6;

--
-- AUTO_INCREMENT de la tabla `cursos`
--
ALTER TABLE `cursos`
  MODIFY `curso_id` int(11) NOT NULL AUTO_INCREMENT, AUTO_INCREMENT=19;

--
-- AUTO_INCREMENT de la tabla `materias`
--
ALTER TABLE `materias`
  MODIFY `materia_id` int(11) NOT NULL AUTO_INCREMENT, AUTO_INCREMENT=224;

--
-- AUTO_INCREMENT de la tabla `materia_carrera`
--
ALTER TABLE `materia_carrera`
  MODIFY `materia_carrera_id` int(11) NOT NULL AUTO_INCREMENT, AUTO_INCREMENT=684;

--
-- AUTO_INCREMENT de la tabla `profesores`
--
ALTER TABLE `profesores`
  MODIFY `profesor_id` int(11) NOT NULL AUTO_INCREMENT, AUTO_INCREMENT=237;

--
-- AUTO_INCREMENT de la tabla `roles`
--
ALTER TABLE `roles`
  MODIFY `rol_id` int(11) NOT NULL AUTO_INCREMENT, AUTO_INCREMENT=5;

--
-- AUTO_INCREMENT de la tabla `turnos`
--
ALTER TABLE `turnos`
  MODIFY `turno_id` int(11) NOT NULL AUTO_INCREMENT, AUTO_INCREMENT=4;

--
-- AUTO_INCREMENT de la tabla `usuarios`
--
ALTER TABLE `usuarios`
  MODIFY `usuario_id` int(11) NOT NULL AUTO_INCREMENT, AUTO_INCREMENT=10;

--
-- Restricciones para tablas volcadas
--

--
-- Filtros para la tabla `cargos`
--
ALTER TABLE `cargos`
  ADD CONSTRAINT `cargos_ibfk_1` FOREIGN KEY (`carrera_id`) REFERENCES `carreras` (`carrera_id`),
  ADD CONSTRAINT `cargos_ibfk_2` FOREIGN KEY (`turno_id`) REFERENCES `turnos` (`turno_id`);

--
-- Filtros para la tabla `materia_carrera`
--
ALTER TABLE `materia_carrera`
  ADD CONSTRAINT `materia_carrera_ibfk_1` FOREIGN KEY (`materia_id`) REFERENCES `materias` (`materia_id`),
  ADD CONSTRAINT `materia_carrera_ibfk_2` FOREIGN KEY (`carrera_id`) REFERENCES `carreras` (`carrera_id`),
  ADD CONSTRAINT `materia_carrera_ibfk_3` FOREIGN KEY (`ciclo_id`) REFERENCES `ciclo_lectivo` (`ciclo_id`),
  ADD CONSTRAINT `materia_carrera_ibfk_4` FOREIGN KEY (`curso_id`) REFERENCES `cursos` (`curso_id`),
  ADD CONSTRAINT `materia_carrera_ibfk_5` FOREIGN KEY (`turno_id`) REFERENCES `turnos` (`turno_id`),
  ADD CONSTRAINT `materia_carrera_ibfk_6` FOREIGN KEY (`profesor_id`) REFERENCES `profesores` (`profesor_id`);

--
-- Filtros para la tabla `usuarios`
--
ALTER TABLE `usuarios`
  ADD CONSTRAINT `usuarios_ibfk_1` FOREIGN KEY (`rol_id`) REFERENCES `roles` (`rol_id`),
  ADD CONSTRAINT `usuarios_ibfk_2` FOREIGN KEY (`cargo_id`) REFERENCES `cargos` (`cargo_id`);
COMMIT;

/*!40101 SET CHARACTER_SET_CLIENT=@OLD_CHARACTER_SET_CLIENT */;
/*!40101 SET CHARACTER_SET_RESULTS=@OLD_CHARACTER_SET_RESULTS */;
/*!40101 SET COLLATION_CONNECTION=@OLD_COLLATION_CONNECTION */;
